t;c.x;c.y;c.z;t.x;t.y;t.z;n.x;n.y;n.z;b.x;b.y;b.z
0;-10;0;0;1;0;0;0;1;0;0;0;1;
0.01;-9.99;0;0;1;0;0;0;1;0;0;0;1;
0.02;-9.98;0;0;1;0;0;0;1;0;0;0;1;
0.03;-9.97;0;0;1;0;0;0;1;0;0;0;1;
0.04;-9.96;0;0;1;0;0;0;1;0;0;0;1;
0.05;-9.95;0;0;1;0;0;0;1;0;0;0;1;
0.06;-9.94;0;0;1;0;0;0;1;0;0;0;1;
0.07;-9.93;0;0;1;0;0;0;1;0;0;0;1;
0.08;-9.92;0;0;1;0;0;0;1;0;0;0;1;
0.09;-9.91;0;0;1;0;0;0;1;0;0;0;1;
0.1;-9.9;0;0;1;0;0;0;1;0;0;0;1;
0.11;-9.89;0;0;1;0;0;0;1;0;0;0;1;
0.12;-9.88;0;0;1;0;0;0;1;0;0;0;1;
0.13;-9.87;0;0;1;0;0;0;1;0;0;0;1;
0.14;-9.86;0;0;1;0;0;0;1;0;0;0;1;
0.15;-9.85;0;0;1;0;0;0;1;0;0;0;1;
0.16;-9.84;0;0;1;0;0;0;1;0;0;0;1;
0.17;-9.83;0;0;1;0;0;0;1;0;0;0;1;
0.18;-9.82;0;0;1;0;0;0;1;0;0;0;1;
0.19;-9.81;0;0;1;0;0;0;1;0;0;0;1;
0.2;-9.8;0;0;1;0;0;0;1;0;0;0;1;
0.21;-9.79;0;0;1;0;0;0;1;0;0;0;1;
0.22;-9.78;0;0;1;0;0;0;1;0;0;0;1;
0.23;-9.77;0;0;1;0;0;0;1;0;0;0;1;
0.24;-9.76;0;0;1;0;0;0;1;0;0;0;1;
0.25;-9.75;0;0;1;0;0;0;1;0;0;0;1;
0.26;-9.74;0;0;1;0;0;0;1;0;0;0;1;
0.27;-9.73;0;0;1;0;0;0;1;0;0;0;1;
0.28;-9.72;0;0;1;0;0;0;1;0;0;0;1;
0.29;-9.71;0;0;1;0;0;0;1;0;0;0;1;
0.3;-9.7;0;0;1;0;0;0;1;0;0;0;1;
0.31;-9.69;0;0;1;0;0;0;1;0;0;0;1;
0.32;-9.68;0;0;1;0;0;0;1;0;0;0;1;
0.33;-9.67;0;0;1;0;0;0;1;0;0;0;1;
0.34;-9.66;0;0;1;0;0;0;1;0;0;0;1;
0.35;-9.65;0;0;1;0;0;0;1;0;0;0;1;
0.36;-9.64;0;0;1;0;0;0;1;0;0;0;1;
0.37;-9.63;0;0;1;0;0;0;1;0;0;0;1;
0.38;-9.62;0;0;1;0;0;0;1;0;0;0;1;
0.39;-9.61;0;0;1;0;0;0;1;0;0;0;1;
0.4;-9.6;0;0;1;0;0;0;1;0;0;0;1;
0.41;-9.59;0;0;1;0;0;0;1;0;0;0;1;
0.42;-9.58;0;0;1;0;0;0;1;0;0;0;1;
0.43;-9.57;0;0;1;0;0;0;1;0;0;0;1;
0.44;-9.56;0;0;1;0;0;0;1;0;0;0;1;
0.45;-9.55;0;0;1;0;0;0;1;0;0;0;1;
0.46;-9.54;0;0;1;0;0;0;1;0;0;0;1;
0.47;-9.53;0;0;1;0;0;0;1;0;0;0;1;
0.48;-9.52;0;0;1;0;0;0;1;0;0;0;1;
0.49;-9.51;0;0;1;0;0;0;1;0;0;0;1;
0.5;-9.5;0;0;1;0;0;0;1;0;0;0;1;
0.51;-9.49;0;0;1;0;0;0;1;0;0;0;1;
0.52;-9.48;0;0;1;0;0;0;1;0;0;0;1;
0.53;-9.47;0;0;1;0;0;0;1;0;0;0;1;
0.54;-9.46;0;0;1;0;0;0;1;0;0;0;1;
0.55;-9.45;0;0;1;0;0;0;1;0;0;0;1;
0.56;-9.44;0;0;1;0;0;0;1;0;0;0;1;
0.57;-9.43;0;0;1;0;0;0;1;0;0;0;1;
0.58;-9.42;0;0;1;0;0;0;1;0;0;0;1;
0.59;-9.41;0;0;1;0;0;0;1;0;0;0;1;
0.6;-9.4;0;0;1;0;0;0;1;0;0;0;1;
0.61;-9.39;0;0;1;0;0;0;1;0;0;0;1;
0.62;-9.38;0;0;1;0;0;0;1;0;0;0;1;
0.63;-9.37;0;0;1;0;0;0;1;0;0;0;1;
0.64;-9.36;0;0;1;0;0;0;1;0;0;0;1;
0.65;-9.35;0;0;1;0;0;0;1;0;0;0;1;
0.66;-9.34;0;0;1;0;0;0;1;0;0;0;1;
0.67;-9.33;0;0;1;0;0;0;1;0;0;0;1;
0.68;-9.32;0;0;1;0;0;0;1;0;0;0;1;
0.69;-9.31;0;0;1;0;0;0;1;0;0;0;1;
0.7;-9.3;0;0;1;0;0;0;1;0;0;0;1;
0.71;-9.29;0;0;1;0;0;0;1;0;0;0;1;
0.72;-9.28;0;0;1;0;0;0;1;0;0;0;1;
0.73;-9.27;0;0;1;0;0;0;1;0;0;0;1;
0.74;-9.26;0;0;1;0;0;0;1;0;0;0;1;
0.75;-9.25;0;0;1;0;0;0;1;0;0;0;1;
0.76;-9.24;0;0;1;0;0;0;1;0;0;0;1;
0.77;-9.23;0;0;1;0;0;0;1;0;0;0;1;
0.78;-9.22;0;0;1;0;0;0;1;0;0;0;1;
0.79;-9.21;0;0;1;0;0;0;1;0;0;0;1;
0.8;-9.2;0;0;1;0;0;0;1;0;0;0;1;
0.81;-9.19;0;0;1;0;0;0;1;0;0;0;1;
0.82;-9.18;0;0;1;0;0;0;1;0;0;0;1;
0.83;-9.17;0;0;1;0;0;0;1;0;0;0;1;
0.84;-9.16;0;0;1;0;0;0;1;0;0;0;1;
0.85;-9.15;0;0;1;0;0;0;1;0;0;0;1;
0.86;-9.14;0;0;1;0;0;0;1;0;0;0;1;
0.87;-9.13;0;0;1;0;0;0;1;0;0;0;1;
0.88;-9.12;0;0;1;0;0;0;1;0;0;0;1;
0.89;-9.11;0;0;1;0;0;0;1;0;0;0;1;
0.9;-9.1;0;0;1;0;0;0;1;0;0;0;1;
0.91;-9.09;0;0;1;0;0;0;1;0;0;0;1;
0.92;-9.08;0;0;1;0;0;0;1;0;0;0;1;
0.93;-9.07;0;0;1;0;0;0;1;0;0;0;1;
0.94;-9.06;0;0;1;0;0;0;1;0;0;0;1;
0.95;-9.05;0;0;1;0;0;0;1;0;0;0;1;
0.96;-9.04;0;0;1;0;0;0;1;0;0;0;1;
0.97;-9.03;0;0;1;0;0;0;1;0;0;0;1;
0.98;-9.02;0;0;1;0;0;0;1;0;0;0;1;
0.99;-9.01;0;0;1;0;0;0;1;0;0;0;1;
1;-9;0;0;1;0;0;0;1;0;0;0;1;
1.01;-8.99;0;0;1;0;0;0;1;0;0;0;1;
1.02;-8.98;0;0;1;0;0;0;1;0;0;0;1;
1.03;-8.97;0;0;1;0;0;0;1;0;0;0;1;
1.04;-8.96;0;0;1;0;0;0;1;0;0;0;1;
1.05;-8.95;0;0;1;0;0;0;1;0;0;0;1;
1.06;-8.94;0;0;1;0;0;0;1;0;0;0;1;
1.07;-8.93;0;0;1;0;0;0;1;0;0;0;1;
1.08;-8.92;0;0;1;0;0;0;1;0;0;0;1;
1.09;-8.91;0;0;1;0;0;0;1;0;0;0;1;
1.1;-8.9;0;0;1;0;0;0;1;0;0;0;1;
1.11;-8.89;0;0;1;0;0;0;1;0;0;0;1;
1.12;-8.88;0;0;1;0;0;0;1;0;0;0;1;
1.13;-8.87;0;0;1;0;0;0;1;0;0;0;1;
1.14;-8.86;0;0;1;0;0;0;1;0;0;0;1;
1.15;-8.85;0;0;1;0;0;0;1;0;0;0;1;
1.16;-8.84;0;0;1;0;0;0;1;0;0;0;1;
1.17;-8.83;0;0;1;0;0;0;1;0;0;0;1;
1.18;-8.82;0;0;1;0;0;0;1;0;0;0;1;
1.19;-8.81;0;0;1;0;0;0;1;0;0;0;1;
1.2;-8.8;0;0;1;0;0;0;1;0;0;0;1;
1.21;-8.79;0;0;1;0;0;0;1;0;0;0;1;
1.22;-8.78;0;0;1;0;0;0;1;0;0;0;1;
1.23;-8.77;0;0;1;0;0;0;1;0;0;0;1;
1.24;-8.76;0;0;1;0;0;0;1;0;0;0;1;
1.25;-8.75;0;0;1;0;0;0;1;0;0;0;1;
1.26;-8.74;0;0;1;0;0;0;1;0;0;0;1;
1.27;-8.73;0;0;1;0;0;0;1;0;0;0;1;
1.28;-8.72;0;0;1;0;0;0;1;0;0;0;1;
1.29;-8.71;0;0;1;0;0;0;1;0;0;0;1;
1.3;-8.7;0;0;1;0;0;0;1;0;0;0;1;
1.31;-8.69;0;0;1;0;0;0;1;0;0;0;1;
1.32;-8.68;0;0;1;0;0;0;1;0;0;0;1;
1.33;-8.67;0;0;1;0;0;0;1;0;0;0;1;
1.34;-8.66;0;0;1;0;0;0;1;0;0;0;1;
1.35;-8.65;0;0;1;0;0;0;1;0;0;0;1;
1.36;-8.64;0;0;1;0;0;0;1;0;0;0;1;
1.37;-8.63;0;0;1;0;0;0;1;0;0;0;1;
1.38;-8.62;0;0;1;0;0;0;1;0;0;0;1;
1.39;-8.61;0;0;1;0;0;0;1;0;0;0;1;
1.4;-8.6;0;0;1;0;0;0;1;0;0;0;1;
1.41;-8.59;0;0;1;0;0;0;1;0;0;0;1;
1.42;-8.58;0;0;1;0;0;0;1;0;0;0;1;
1.43;-8.57;0;0;1;0;0;0;1;0;0;0;1;
1.44;-8.56;0;0;1;0;0;0;1;0;0;0;1;
1.45;-8.55;0;0;1;0;0;0;1;0;0;0;1;
1.46;-8.54;0;0;1;0;0;0;1;0;0;0;1;
1.47;-8.53;0;0;1;0;0;0;1;0;0;0;1;
1.48;-8.52;0;0;1;0;0;0;1;0;0;0;1;
1.49;-8.51;0;0;1;0;0;0;1;0;0;0;1;
1.5;-8.5;0;0;1;0;0;0;1;0;0;0;1;
1.51;-8.49;0;0;1;0;0;0;1;0;0;0;1;
1.52;-8.48;0;0;1;0;0;0;1;0;0;0;1;
1.53;-8.47;0;0;1;0;0;0;1;0;0;0;1;
1.54;-8.46;0;0;1;0;0;0;1;0;0;0;1;
1.55;-8.45;0;0;1;0;0;0;1;0;0;0;1;
1.56;-8.44;0;0;1;0;0;0;1;0;0;0;1;
1.57;-8.43;0;0;1;0;0;0;1;0;0;0;1;
1.58;-8.42;0;0;1;0;0;0;1;0;0;0;1;
1.59;-8.41;0;0;1;0;0;0;1;0;0;0;1;
1.6;-8.4;0;0;1;0;0;0;1;0;0;0;1;
1.61;-8.39;0;0;1;0;0;0;1;0;0;0;1;
1.62;-8.38;0;0;1;0;0;0;1;0;0;0;1;
1.63;-8.37;0;0;1;0;0;0;1;0;0;0;1;
1.64;-8.36;0;0;1;0;0;0;1;0;0;0;1;
1.65;-8.35;0;0;1;0;0;0;1;0;0;0;1;
1.66;-8.34;0;0;1;0;0;0;1;0;0;0;1;
1.67;-8.33;0;0;1;0;0;0;1;0;0;0;1;
1.68;-8.32;0;0;1;0;0;0;1;0;0;0;1;
1.69;-8.31;0;0;1;0;0;0;1;0;0;0;1;
1.7;-8.3;0;0;1;0;0;0;1;0;0;0;1;
1.71;-8.29;0;0;1;0;0;0;1;0;0;0;1;
1.72;-8.28;0;0;1;0;0;0;1;0;0;0;1;
1.73;-8.27;0;0;1;0;0;0;1;0;0;0;1;
1.74;-8.26;0;0;1;0;0;0;1;0;0;0;1;
1.75;-8.25;0;0;1;0;0;0;1;0;0;0;1;
1.76;-8.24;0;0;1;0;0;0;1;0;0;0;1;
1.77;-8.23;0;0;1;0;0;0;1;0;0;0;1;
1.78;-8.22;0;0;1;0;0;0;1;0;0;0;1;
1.79;-8.21;0;0;1;0;0;0;1;0;0;0;1;
1.8;-8.2;0;0;1;0;0;0;1;0;0;0;1;
1.81;-8.19;0;0;1;0;0;0;1;0;0;0;1;
1.82;-8.18;0;0;1;0;0;0;1;0;0;0;1;
1.83;-8.17;0;0;1;0;0;0;1;0;0;0;1;
1.84;-8.16;0;0;1;0;0;0;1;0;0;0;1;
1.85;-8.15;0;0;1;0;0;0;1;0;0;0;1;
1.86;-8.14;0;0;1;0;0;0;1;0;0;0;1;
1.87;-8.13;0;0;1;0;0;0;1;0;0;0;1;
1.88;-8.12;0;0;1;0;0;0;1;0;0;0;1;
1.89;-8.11;0;0;1;0;0;0;1;0;0;0;1;
1.9;-8.1;0;0;1;0;0;0;1;0;0;0;1;
1.91;-8.09;0;0;1;0;0;0;1;0;0;0;1;
1.92;-8.08;0;0;1;0;0;0;1;0;0;0;1;
1.93;-8.07;0;0;1;0;0;0;1;0;0;0;1;
1.94;-8.06;0;0;1;0;0;0;1;0;0;0;1;
1.95;-8.05;0;0;1;0;0;0;1;0;0;0;1;
1.96;-8.04;0;0;1;0;0;0;1;0;0;0;1;
1.97;-8.03;0;0;1;0;0;0;1;0;0;0;1;
1.98;-8.02;0;0;1;0;0;0;1;0;0;0;1;
1.99;-8.01;0;0;1;0;0;0;1;0;0;0;1;
2;-8;0;0;1;0;0;0;1;0;0;0;1;
2.01;-7.99;0;0;1;0;0;0;1;0;0;0;1;
2.02;-7.98;0;0;1;0;0;0;1;0;0;0;1;
2.03;-7.97;0;0;1;0;0;0;1;0;0;0;1;
2.04;-7.96;0;0;1;0;0;0;1;0;0;0;1;
2.05;-7.95;0;0;1;0;0;0;1;0;0;0;1;
2.06;-7.94;0;0;1;0;0;0;1;0;0;0;1;
2.07;-7.93;0;0;1;0;0;0;1;0;0;0;1;
2.08;-7.92;0;0;1;0;0;0;1;0;0;0;1;
2.09;-7.91;0;0;1;0;0;0;1;0;0;0;1;
2.1;-7.9;0;0;1;0;0;0;1;0;0;0;1;
2.11;-7.89;0;0;1;0;0;0;1;0;0;0;1;
2.12;-7.88;0;0;1;0;0;0;1;0;0;0;1;
2.13;-7.87;0;0;1;0;0;0;1;0;0;0;1;
2.14;-7.86;0;0;1;0;0;0;1;0;0;0;1;
2.15;-7.85;0;0;1;0;0;0;1;0;0;0;1;
2.16;-7.84;0;0;1;0;0;0;1;0;0;0;1;
2.17;-7.83;0;0;1;0;0;0;1;0;0;0;1;
2.18;-7.82;0;0;1;0;0;0;1;0;0;0;1;
2.19;-7.81;0;0;1;0;0;0;1;0;0;0;1;
2.2;-7.8;0;0;1;0;0;0;1;0;0;0;1;
2.21;-7.79;0;0;1;0;0;0;1;0;0;0;1;
2.22;-7.78;0;0;1;0;0;0;1;0;0;0;1;
2.23;-7.77;0;0;1;0;0;0;1;0;0;0;1;
2.24;-7.76;0;0;1;0;0;0;1;0;0;0;1;
2.25;-7.75;0;0;1;0;0;0;1;0;0;0;1;
2.26;-7.74;0;0;1;0;0;0;1;0;0;0;1;
2.27;-7.73;0;0;1;0;0;0;1;0;0;0;1;
2.28;-7.72;0;0;1;0;0;0;1;0;0;0;1;
2.29;-7.71;0;0;1;0;0;0;1;0;0;0;1;
2.3;-7.7;0;0;1;0;0;0;1;0;0;0;1;
2.31;-7.69;0;0;1;0;0;0;1;0;0;0;1;
2.32;-7.68;0;0;1;0;0;0;1;0;0;0;1;
2.33;-7.67;0;0;1;0;0;0;1;0;0;0;1;
2.34;-7.66;0;0;1;0;0;0;1;0;0;0;1;
2.35;-7.65;0;0;1;0;0;0;1;0;0;0;1;
2.36;-7.64;0;0;1;0;0;0;1;0;0;0;1;
2.37;-7.63;0;0;1;0;0;0;1;0;0;0;1;
2.38;-7.62;0;0;1;0;0;0;1;0;0;0;1;
2.39;-7.61;0;0;1;0;0;0;1;0;0;0;1;
2.4;-7.6;0;0;1;0;0;0;1;0;0;0;1;
2.41;-7.59;0;0;1;0;0;0;1;0;0;0;1;
2.42;-7.58;0;0;1;0;0;0;1;0;0;0;1;
2.43;-7.57;0;0;1;0;0;0;1;0;0;0;1;
2.44;-7.56;0;0;1;0;0;0;1;0;0;0;1;
2.45;-7.55;0;0;1;0;0;0;1;0;0;0;1;
2.46;-7.54;0;0;1;0;0;0;1;0;0;0;1;
2.47;-7.53;0;0;1;0;0;0;1;0;0;0;1;
2.48;-7.52;0;0;1;0;0;0;1;0;0;0;1;
2.49;-7.51;0;0;1;0;0;0;1;0;0;0;1;
2.5;-7.5;0;0;1;0;0;0;1;0;0;0;1;
2.51;-7.49;0;0;1;0;0;0;1;0;0;0;1;
2.52;-7.48;0;0;1;0;0;0;1;0;0;0;1;
2.53;-7.47;0;0;1;0;0;0;1;0;0;0;1;
2.54;-7.46;0;0;1;0;0;0;1;0;0;0;1;
2.55;-7.45;0;0;1;0;0;0;1;0;0;0;1;
2.56;-7.44;0;0;1;0;0;0;1;0;0;0;1;
2.57;-7.43;0;0;1;0;0;0;1;0;0;0;1;
2.58;-7.42;0;0;1;0;0;0;1;0;0;0;1;
2.59;-7.41;0;0;1;0;0;0;1;0;0;0;1;
2.6;-7.4;0;0;1;0;0;0;1;0;0;0;1;
2.61;-7.39;0;0;1;0;0;0;1;0;0;0;1;
2.62;-7.38;0;0;1;0;0;0;1;0;0;0;1;
2.63;-7.37;0;0;1;0;0;0;1;0;0;0;1;
2.64;-7.36;0;0;1;0;0;0;1;0;0;0;1;
2.65;-7.35;0;0;1;0;0;0;1;0;0;0;1;
2.66;-7.34;0;0;1;0;0;0;1;0;0;0;1;
2.67;-7.33;0;0;1;0;0;0;1;0;0;0;1;
2.68;-7.32;0;0;1;0;0;0;1;0;0;0;1;
2.69;-7.31;0;0;1;0;0;0;1;0;0;0;1;
2.7;-7.3;0;0;1;0;0;0;1;0;0;0;1;
2.71;-7.29;0;0;1;0;0;0;1;0;0;0;1;
2.72;-7.28;0;0;1;0;0;0;1;0;0;0;1;
2.73;-7.27;0;0;1;0;0;0;1;0;0;0;1;
2.74;-7.26;0;0;1;0;0;0;1;0;0;0;1;
2.75;-7.25;0;0;1;0;0;0;1;0;0;0;1;
2.76;-7.24;0;0;1;0;0;0;1;0;0;0;1;
2.77;-7.23;0;0;1;0;0;0;1;0;0;0;1;
2.78;-7.22;0;0;1;0;0;0;1;0;0;0;1;
2.79;-7.21;0;0;1;0;0;0;1;0;0;0;1;
2.8;-7.2;0;0;1;0;0;0;1;0;0;0;1;
2.81;-7.19;0;0;1;0;0;0;1;0;0;0;1;
2.82;-7.18;0;0;1;0;0;0;1;0;0;0;1;
2.83;-7.17;0;0;1;0;0;0;1;0;0;0;1;
2.84;-7.16;0;0;1;0;0;0;1;0;0;0;1;
2.85;-7.15;0;0;1;0;0;0;1;0;0;0;1;
2.86;-7.14;0;0;1;0;0;0;1;0;0;0;1;
2.87;-7.13;0;0;1;0;0;0;1;0;0;0;1;
2.88;-7.12;0;0;1;0;0;0;1;0;0;0;1;
2.89;-7.11;0;0;1;0;0;0;1;0;0;0;1;
2.9;-7.1;0;0;1;0;0;0;1;0;0;0;1;
2.91;-7.09;0;0;1;0;0;0;1;0;0;0;1;
2.92;-7.08;0;0;1;0;0;0;1;0;0;0;1;
2.93;-7.07;0;0;1;0;0;0;1;0;0;0;1;
2.94;-7.06;0;0;1;0;0;0;1;0;0;0;1;
2.95;-7.05;0;0;1;0;0;0;1;0;0;0;1;
2.96;-7.04;0;0;1;0;0;0;1;0;0;0;1;
2.97;-7.03;0;0;1;0;0;0;1;0;0;0;1;
2.98;-7.02;0;0;1;0;0;0;1;0;0;0;1;
2.99;-7.01;0;0;1;0;0;0;1;0;0;0;1;
3;-7;0;0;1;0;0;0;1;0;0;0;1;
3.01;-6.99;0;0;1;0;0;0;1;0;0;0;1;
3.02;-6.98;0;0;1;0;0;0;1;0;0;0;1;
3.03;-6.97;0;0;1;0;0;0;1;0;0;0;1;
3.04;-6.96;0;0;1;0;0;0;1;0;0;0;1;
3.05;-6.95;0;0;1;0;0;0;1;0;0;0;1;
3.06;-6.94;0;0;1;0;0;0;1;0;0;0;1;
3.07;-6.93;0;0;1;0;0;0;1;0;0;0;1;
3.08;-6.92;0;0;1;0;0;0;1;0;0;0;1;
3.09;-6.91;0;0;1;0;0;0;1;0;0;0;1;
3.1;-6.9;0;0;1;0;0;0;1;0;0;0;1;
3.11;-6.89;0;0;1;0;0;0;1;0;0;0;1;
3.12;-6.88;0;0;1;0;0;0;1;0;0;0;1;
3.13;-6.87;0;0;1;0;0;0;1;0;0;0;1;
3.14;-6.86;0;0;1;0;0;0;1;0;0;0;1;
3.15;-6.85;0;0;1;0;0;0;1;0;0;0;1;
3.16;-6.84;0;0;1;0;0;0;1;0;0;0;1;
3.17;-6.83;0;0;1;0;0;0;1;0;0;0;1;
3.18;-6.82;0;0;1;0;0;0;1;0;0;0;1;
3.19;-6.81;0;0;1;0;0;0;1;0;0;0;1;
3.2;-6.8;0;0;1;0;0;0;1;0;0;0;1;
3.21;-6.79;0;0;1;0;0;0;1;0;0;0;1;
3.22;-6.78;0;0;1;0;0;0;1;0;0;0;1;
3.23;-6.77;0;0;1;0;0;0;1;0;0;0;1;
3.24;-6.76;0;0;1;0;0;0;1;0;0;0;1;
3.25;-6.75;0;0;1;0;0;0;1;0;0;0;1;
3.26;-6.74;0;0;1;0;0;0;1;0;0;0;1;
3.27;-6.73;0;0;1;0;0;0;1;0;0;0;1;
3.28;-6.72;0;0;1;0;0;0;1;0;0;0;1;
3.29;-6.71;0;0;1;0;0;0;1;0;0;0;1;
3.3;-6.7;0;0;1;0;0;0;1;0;0;0;1;
3.31;-6.69;0;0;1;0;0;0;1;0;0;0;1;
3.32;-6.68;0;0;1;0;0;0;1;0;0;0;1;
3.33;-6.67;0;0;1;0;0;0;1;0;0;0;1;
3.34;-6.66;0;0;1;0;0;0;1;0;0;0;1;
3.35;-6.65;0;0;1;0;0;0;1;0;0;0;1;
3.36;-6.64;0;0;1;0;0;0;1;0;0;0;1;
3.37;-6.63;0;0;1;0;0;0;1;0;0;0;1;
3.38;-6.62;0;0;1;0;0;0;1;0;0;0;1;
3.39;-6.61;0;0;1;0;0;0;1;0;0;0;1;
3.4;-6.6;0;0;1;0;0;0;1;0;0;0;1;
3.41;-6.59;0;0;1;0;0;0;1;0;0;0;1;
3.42;-6.58;0;0;1;0;0;0;1;0;0;0;1;
3.43;-6.57;0;0;1;0;0;0;1;0;0;0;1;
3.44;-6.56;0;0;1;0;0;0;1;0;0;0;1;
3.45;-6.55;0;0;1;0;0;0;1;0;0;0;1;
3.46;-6.54;0;0;1;0;0;0;1;0;0;0;1;
3.47;-6.53;0;0;1;0;0;0;1;0;0;0;1;
3.48;-6.52;0;0;1;0;0;0;1;0;0;0;1;
3.49;-6.51;0;0;1;0;0;0;1;0;0;0;1;
3.5;-6.5;0;0;1;0;0;0;1;0;0;0;1;
3.51;-6.49;0;0;1;0;0;0;1;0;0;0;1;
3.52;-6.48;0;0;1;0;0;0;1;0;0;0;1;
3.53;-6.47;0;0;1;0;0;0;1;0;0;0;1;
3.54;-6.46;0;0;1;0;0;0;1;0;0;0;1;
3.55;-6.45;0;0;1;0;0;0;1;0;0;0;1;
3.56;-6.44;0;0;1;0;0;0;1;0;0;0;1;
3.57;-6.43;0;0;1;0;0;0;1;0;0;0;1;
3.58;-6.42;0;0;1;0;0;0;1;0;0;0;1;
3.59;-6.41;0;0;1;0;0;0;1;0;0;0;1;
3.6;-6.4;0;0;1;0;0;0;1;0;0;0;1;
3.61;-6.39;0;0;1;0;0;0;1;0;0;0;1;
3.62;-6.38;0;0;1;0;0;0;1;0;0;0;1;
3.63;-6.37;0;0;1;0;0;0;1;0;0;0;1;
3.64;-6.36;0;0;1;0;0;0;1;0;0;0;1;
3.65;-6.35;0;0;1;0;0;0;1;0;0;0;1;
3.66;-6.34;0;0;1;0;0;0;1;0;0;0;1;
3.67;-6.33;0;0;1;0;0;0;1;0;0;0;1;
3.68;-6.32;0;0;1;0;0;0;1;0;0;0;1;
3.69;-6.31;0;0;1;0;0;0;1;0;0;0;1;
3.7;-6.3;0;0;1;0;0;0;1;0;0;0;1;
3.71;-6.29;0;0;1;0;0;0;1;0;0;0;1;
3.72;-6.28;0;0;1;0;0;0;1;0;0;0;1;
3.73;-6.27;0;0;1;0;0;0;1;0;0;0;1;
3.74;-6.26;0;0;1;0;0;0;1;0;0;0;1;
3.75;-6.25;0;0;1;0;0;0;1;0;0;0;1;
3.76;-6.24;0;0;1;0;0;0;1;0;0;0;1;
3.77;-6.23;0;0;1;0;0;0;1;0;0;0;1;
3.78;-6.22;0;0;1;0;0;0;1;0;0;0;1;
3.79;-6.21;0;0;1;0;0;0;1;0;0;0;1;
3.8;-6.2;0;0;1;0;0;0;1;0;0;0;1;
3.81;-6.19;0;0;1;0;0;0;1;0;0;0;1;
3.82;-6.18;0;0;1;0;0;0;1;0;0;0;1;
3.83;-6.17;0;0;1;0;0;0;1;0;0;0;1;
3.84;-6.16;0;0;1;0;0;0;1;0;0;0;1;
3.85;-6.15;0;0;1;0;0;0;1;0;0;0;1;
3.86;-6.14;0;0;1;0;0;0;1;0;0;0;1;
3.87;-6.13;0;0;1;0;0;0;1;0;0;0;1;
3.88;-6.12;0;0;1;0;0;0;1;0;0;0;1;
3.89;-6.11;0;0;1;0;0;0;1;0;0;0;1;
3.9;-6.1;0;0;1;0;0;0;1;0;0;0;1;
3.91;-6.09;0;0;1;0;0;0;1;0;0;0;1;
3.92;-6.08;0;0;1;0;0;0;1;0;0;0;1;
3.93;-6.07;0;0;1;0;0;0;1;0;0;0;1;
3.94;-6.06;0;0;1;0;0;0;1;0;0;0;1;
3.95;-6.05;0;0;1;0;0;0;1;0;0;0;1;
3.96;-6.04;0;0;1;0;0;0;1;0;0;0;1;
3.97;-6.03;0;0;1;0;0;0;1;0;0;0;1;
3.98;-6.02;0;0;1;0;0;0;1;0;0;0;1;
3.99;-6.01;0;0;1;0;0;0;1;0;0;0;1;
4;-6;0;0;1;0;0;0;1;0;0;0;1;
4.01;-5.99;0;0;1;0;0;0;1;0;0;0;1;
4.02;-5.98;0;0;1;0;0;0;1;0;0;0;1;
4.03;-5.97;0;0;1;0;0;0;1;0;0;0;1;
4.04;-5.96;0;0;1;0;0;0;1;0;0;0;1;
4.05;-5.95;0;0;1;0;0;0;1;0;0;0;1;
4.06;-5.94;0;0;1;0;0;0;1;0;0;0;1;
4.07;-5.93;0;0;1;0;0;0;1;0;0;0;1;
4.08;-5.92;0;0;1;0;0;0;1;0;0;0;1;
4.09;-5.91;0;0;1;0;0;0;1;0;0;0;1;
4.1;-5.9;0;0;1;0;0;0;1;0;0;0;1;
4.11;-5.89;0;0;1;0;0;0;1;0;0;0;1;
4.12;-5.88;0;0;1;0;0;0;1;0;0;0;1;
4.13;-5.87;0;0;1;0;0;0;1;0;0;0;1;
4.14;-5.86;0;0;1;0;0;0;1;0;0;0;1;
4.15;-5.85;0;0;1;0;0;0;1;0;0;0;1;
4.16;-5.84;0;0;1;0;0;0;1;0;0;0;1;
4.17;-5.83;0;0;1;0;0;0;1;0;0;0;1;
4.18;-5.82;0;0;1;0;0;0;1;0;0;0;1;
4.19;-5.81;0;0;1;0;0;0;1;0;0;0;1;
4.2;-5.8;0;0;1;0;0;0;1;0;0;0;1;
4.21;-5.79;0;0;1;0;0;0;1;0;0;0;1;
4.22;-5.78;0;0;1;0;0;0;1;0;0;0;1;
4.23;-5.77;0;0;1;0;0;0;1;0;0;0;1;
4.24;-5.76;0;0;1;0;0;0;1;0;0;0;1;
4.25;-5.75;0;0;1;0;0;0;1;0;0;0;1;
4.26;-5.74;0;0;1;0;0;0;1;0;0;0;1;
4.27;-5.73;0;0;1;0;0;0;1;0;0;0;1;
4.28;-5.72;0;0;1;0;0;0;1;0;0;0;1;
4.29;-5.71;0;0;1;0;0;0;1;0;0;0;1;
4.3;-5.7;0;0;1;0;0;0;1;0;0;0;1;
4.31;-5.69;0;0;1;0;0;0;1;0;0;0;1;
4.32;-5.68;0;0;1;0;0;0;1;0;0;0;1;
4.33;-5.67;0;0;1;0;0;0;1;0;0;0;1;
4.34;-5.66;0;0;1;0;0;0;1;0;0;0;1;
4.35;-5.65;0;0;1;0;0;0;1;0;0;0;1;
4.36;-5.64;0;0;1;0;0;0;1;0;0;0;1;
4.37;-5.63;0;0;1;0;0;0;1;0;0;0;1;
4.38;-5.62;0;0;1;0;0;0;1;0;0;0;1;
4.39;-5.61;0;0;1;0;0;0;1;0;0;0;1;
4.4;-5.6;0;0;1;0;0;0;1;0;0;0;1;
4.41;-5.59;0;0;1;0;0;0;1;0;0;0;1;
4.42;-5.58;0;0;1;0;0;0;1;0;0;0;1;
4.43;-5.57;0;0;1;0;0;0;1;0;0;0;1;
4.44;-5.56;0;0;1;0;0;0;1;0;0;0;1;
4.45;-5.55;0;0;1;0;0;0;1;0;0;0;1;
4.46;-5.54;0;0;1;0;0;0;1;0;0;0;1;
4.47;-5.53;0;0;1;0;0;0;1;0;0;0;1;
4.48;-5.52;0;0;1;0;0;0;1;0;0;0;1;
4.49;-5.51;0;0;1;0;0;0;1;0;0;0;1;
4.5;-5.5;0;0;1;0;0;0;1;0;0;0;1;
4.51;-5.49;0;0;1;0;0;0;1;0;0;0;1;
4.52;-5.48;0;0;1;0;0;0;1;0;0;0;1;
4.53;-5.47;0;0;1;0;0;0;1;0;0;0;1;
4.54;-5.46;0;0;1;0;0;0;1;0;0;0;1;
4.55;-5.45;0;0;1;0;0;0;1;0;0;0;1;
4.56;-5.44;0;0;1;0;0;0;1;0;0;0;1;
4.57;-5.43;0;0;1;0;0;0;1;0;0;0;1;
4.58;-5.42;0;0;1;0;0;0;1;0;0;0;1;
4.59;-5.41;0;0;1;0;0;0;1;0;0;0;1;
4.6;-5.4;0;0;1;0;0;0;1;0;0;0;1;
4.61;-5.39;0;0;1;0;0;0;1;0;0;0;1;
4.62;-5.38;0;0;1;0;0;0;1;0;0;0;1;
4.63;-5.37;0;0;1;0;0;0;1;0;0;0;1;
4.64;-5.36;0;0;1;0;0;0;1;0;0;0;1;
4.65;-5.35;0;0;1;0;0;0;1;0;0;0;1;
4.66;-5.34;0;0;1;0;0;0;1;0;0;0;1;
4.67;-5.33;0;0;1;0;0;0;1;0;0;0;1;
4.68;-5.32;0;0;1;0;0;0;1;0;0;0;1;
4.69;-5.31;0;0;1;0;0;0;1;0;0;0;1;
4.7;-5.3;0;0;1;0;0;0;1;0;0;0;1;
4.71;-5.29;0;0;1;0;0;0;1;0;0;0;1;
4.72;-5.28;0;0;1;0;0;0;1;0;0;0;1;
4.73;-5.27;0;0;1;0;0;0;1;0;0;0;1;
4.74;-5.26;0;0;1;0;0;0;1;0;0;0;1;
4.75;-5.25;0;0;1;0;0;0;1;0;0;0;1;
4.76;-5.24;0;0;1;0;0;0;1;0;0;0;1;
4.77;-5.23;0;0;1;0;0;0;1;0;0;0;1;
4.78;-5.22;0;0;1;0;0;0;1;0;0;0;1;
4.79;-5.21;0;0;1;0;0;0;1;0;0;0;1;
4.8;-5.2;0;0;1;0;0;0;1;0;0;0;1;
4.81;-5.19;0;0;1;0;0;0;1;0;0;0;1;
4.82;-5.18;0;0;1;0;0;0;1;0;0;0;1;
4.83;-5.17;0;0;1;0;0;0;1;0;0;0;1;
4.84;-5.16;0;0;1;0;0;0;1;0;0;0;1;
4.85;-5.15;0;0;1;0;0;0;1;0;0;0;1;
4.86;-5.14;0;0;1;0;0;0;1;0;0;0;1;
4.87;-5.13;0;0;1;0;0;0;1;0;0;0;1;
4.88;-5.12;0;0;1;0;0;0;1;0;0;0;1;
4.89;-5.11;0;0;1;0;0;0;1;0;0;0;1;
4.9;-5.1;0;0;1;0;0;0;1;0;0;0;1;
4.91;-5.09;0;0;1;0;0;0;1;0;0;0;1;
4.92;-5.08;0;0;1;0;0;0;1;0;0;0;1;
4.93;-5.07;0;0;1;0;0;0;1;0;0;0;1;
4.94;-5.06;0;0;1;0;0;0;1;0;0;0;1;
4.95;-5.05;0;0;1;0;0;0;1;0;0;0;1;
4.96;-5.04;0;0;1;0;0;0;1;0;0;0;1;
4.97;-5.03;0;0;1;0;0;0;1;0;0;0;1;
4.98;-5.02;0;0;1;0;0;0;1;0;0;0;1;
4.99;-5.01;0;0;1;0;0;0;1;0;0;0;1;
5;-5;0;0;1;0;0;0;1;0;0;0;1;
5.01;-4.99;0;0;1;0;0;0;1;0;0;0;1;
5.02;-4.98;0;0;1;0;0;0;1;0;0;0;1;
5.03;-4.97;0;0;1;0;0;0;1;0;0;0;1;
5.04;-4.96;0;0;1;0;0;0;1;0;0;0;1;
5.05;-4.95;0;0;1;0;0;0;1;0;0;0;1;
5.06;-4.94;0;0;1;0;0;0;1;0;0;0;1;
5.07;-4.93;0;0;1;0;0;0;1;0;0;0;1;
5.08;-4.92;0;0;1;0;0;0;1;0;0;0;1;
5.09;-4.91;0;0;1;0;0;0;1;0;0;0;1;
5.1;-4.9;0;0;1;0;0;0;1;0;0;0;1;
5.11;-4.89;0;0;1;0;0;0;1;0;0;0;1;
5.12;-4.88;0;0;1;0;0;0;1;0;0;0;1;
5.13;-4.87;0;0;1;0;0;0;1;0;0;0;1;
5.14;-4.86;0;0;1;0;0;0;1;0;0;0;1;
5.15;-4.85;0;0;1;0;0;0;1;0;0;0;1;
5.16;-4.84;0;0;1;0;0;0;1;0;0;0;1;
5.17;-4.83;0;0;1;0;0;0;1;0;0;0;1;
5.18;-4.82;0;0;1;0;0;0;1;0;0;0;1;
5.19;-4.81;0;0;1;0;0;0;1;0;0;0;1;
5.2;-4.8;0;0;1;0;0;0;1;0;0;0;1;
5.21;-4.79;0;0;1;0;0;0;1;0;0;0;1;
5.22;-4.78;0;0;1;0;0;0;1;0;0;0;1;
5.23;-4.77;0;0;1;0;0;0;1;0;0;0;1;
5.24;-4.76;0;0;1;0;0;0;1;0;0;0;1;
5.25;-4.75;0;0;1;0;0;0;1;0;0;0;1;
5.26;-4.74;0;0;1;0;0;0;1;0;0;0;1;
5.27;-4.73;0;0;1;0;0;0;1;0;0;0;1;
5.28;-4.72;0;0;1;0;0;0;1;0;0;0;1;
5.29;-4.71;0;0;1;0;0;0;1;0;0;0;1;
5.3;-4.7;0;0;1;0;0;0;1;0;0;0;1;
5.31;-4.69;0;0;1;0;0;0;1;0;0;0;1;
5.32;-4.68;0;0;1;0;0;0;1;0;0;0;1;
5.33;-4.67;0;0;1;0;0;0;1;0;0;0;1;
5.34;-4.66;0;0;1;0;0;0;1;0;0;0;1;
5.35;-4.65;0;0;1;0;0;0;1;0;0;0;1;
5.36;-4.64;0;0;1;0;0;0;1;0;0;0;1;
5.37;-4.63;0;0;1;0;0;0;1;0;0;0;1;
5.38;-4.62;0;0;1;0;0;0;1;0;0;0;1;
5.39;-4.61;0;0;1;0;0;0;1;0;0;0;1;
5.4;-4.6;0;0;1;0;0;0;1;0;0;0;1;
5.41;-4.59;0;0;1;0;0;0;1;0;0;0;1;
5.42;-4.58;0;0;1;0;0;0;1;0;0;0;1;
5.43;-4.57;0;0;1;0;0;0;1;0;0;0;1;
5.44;-4.56;0;0;1;0;0;0;1;0;0;0;1;
5.45;-4.55;0;0;1;0;0;0;1;0;0;0;1;
5.46;-4.54;0;0;1;0;0;0;1;0;0;0;1;
5.47;-4.53;0;0;1;0;0;0;1;0;0;0;1;
5.48;-4.52;0;0;1;0;0;0;1;0;0;0;1;
5.49;-4.51;0;0;1;0;0;0;1;0;0;0;1;
5.5;-4.5;0;0;1;0;0;0;1;0;0;0;1;
5.51;-4.49;0;0;1;0;0;0;1;0;0;0;1;
5.52;-4.48;0;0;1;0;0;0;1;0;0;0;1;
5.53;-4.47;0;0;1;0;0;0;1;0;0;0;1;
5.54;-4.46;0;0;1;0;0;0;1;0;0;0;1;
5.55;-4.45;0;0;1;0;0;0;1;0;0;0;1;
5.56;-4.44;0;0;1;0;0;0;1;0;0;0;1;
5.57;-4.43;0;0;1;0;0;0;1;0;0;0;1;
5.58;-4.42;0;0;1;0;0;0;1;0;0;0;1;
5.59;-4.41;0;0;1;0;0;0;1;0;0;0;1;
5.6;-4.4;0;0;1;0;0;0;1;0;0;0;1;
5.61;-4.39;0;0;1;0;0;0;1;0;0;0;1;
5.62;-4.38;0;0;1;0;0;0;1;0;0;0;1;
5.63;-4.37;0;0;1;0;0;0;1;0;0;0;1;
5.64;-4.36;0;0;1;0;0;0;1;0;0;0;1;
5.65;-4.35;0;0;1;0;0;0;1;0;0;0;1;
5.66;-4.34;0;0;1;0;0;0;1;0;0;0;1;
5.67;-4.33;0;0;1;0;0;0;1;0;0;0;1;
5.68;-4.32;0;0;1;0;0;0;1;0;0;0;1;
5.69;-4.31;0;0;1;0;0;0;1;0;0;0;1;
5.7;-4.3;0;0;1;0;0;0;1;0;0;0;1;
5.71;-4.29;0;0;1;0;0;0;1;0;0;0;1;
5.72;-4.28;0;0;1;0;0;0;1;0;0;0;1;
5.73;-4.27;0;0;1;0;0;0;1;0;0;0;1;
5.74;-4.26;0;0;1;0;0;0;1;0;0;0;1;
5.75;-4.25;0;0;1;0;0;0;1;0;0;0;1;
5.76;-4.24;0;0;1;0;0;0;1;0;0;0;1;
5.77;-4.23;0;0;1;0;0;0;1;0;0;0;1;
5.78;-4.22;0;0;1;0;0;0;1;0;0;0;1;
5.79;-4.21;0;0;1;0;0;0;1;0;0;0;1;
5.8;-4.2;0;0;1;0;0;0;1;0;0;0;1;
5.81;-4.19;0;0;1;0;0;0;1;0;0;0;1;
5.82;-4.18;0;0;1;0;0;0;1;0;0;0;1;
5.83;-4.17;0;0;1;0;0;0;1;0;0;0;1;
5.84;-4.16;0;0;1;0;0;0;1;0;0;0;1;
5.85;-4.15;0;0;1;0;0;0;1;0;0;0;1;
5.86;-4.14;0;0;1;0;0;0;1;0;0;0;1;
5.87;-4.13;0;0;1;0;0;0;1;0;0;0;1;
5.88;-4.12;0;0;1;0;0;0;1;0;0;0;1;
5.89;-4.11;0;0;1;0;0;0;1;0;0;0;1;
5.9;-4.1;0;0;1;0;0;0;1;0;0;0;1;
5.91;-4.09;0;0;1;0;0;0;1;0;0;0;1;
5.92;-4.08;0;0;1;0;0;0;1;0;0;0;1;
5.93;-4.07;0;0;1;0;0;0;1;0;0;0;1;
5.94;-4.06;0;0;1;0;0;0;1;0;0;0;1;
5.95;-4.05;0;0;1;0;0;0;1;0;0;0;1;
5.96;-4.04;0;0;1;0;0;0;1;0;0;0;1;
5.97;-4.03;0;0;1;0;0;0;1;0;0;0;1;
5.98;-4.02;0;0;1;0;0;0;1;0;0;0;1;
5.99;-4.01;0;0;1;0;0;0;1;0;0;0;1;
6;-4;0;0;1;0;0;0;1;0;0;0;1;
6.01;-3.99;0;0;1;0;0;0;1;0;0;0;1;
6.02;-3.98;0;0;1;0;0;0;1;0;0;0;1;
6.03;-3.97;0;0;1;0;0;0;1;0;0;0;1;
6.04;-3.96;0;0;1;0;0;0;1;0;0;0;1;
6.05;-3.95;0;0;1;0;0;0;1;0;0;0;1;
6.06;-3.94;0;0;1;0;0;0;1;0;0;0;1;
6.07;-3.93;0;0;1;0;0;0;1;0;0;0;1;
6.08;-3.92;0;0;1;0;0;0;1;0;0;0;1;
6.09;-3.91;0;0;1;0;0;0;1;0;0;0;1;
6.1;-3.9;0;0;1;0;0;0;1;0;0;0;1;
6.11;-3.89;0;0;1;0;0;0;1;0;0;0;1;
6.12;-3.88;0;0;1;0;0;0;1;0;0;0;1;
6.13;-3.87;0;0;1;0;0;0;1;0;0;0;1;
6.14;-3.86;0;0;1;0;0;0;1;0;0;0;1;
6.15;-3.85;0;0;1;0;0;0;1;0;0;0;1;
6.16;-3.84;0;0;1;0;0;0;1;0;0;0;1;
6.17;-3.83;0;0;1;0;0;0;1;0;0;0;1;
6.18;-3.82;0;0;1;0;0;0;1;0;0;0;1;
6.19;-3.81;0;0;1;0;0;0;1;0;0;0;1;
6.2;-3.8;0;0;1;0;0;0;1;0;0;0;1;
6.21;-3.79;0;0;1;0;0;0;1;0;0;0;1;
6.22;-3.78;0;0;1;0;0;0;1;0;0;0;1;
6.23;-3.77;0;0;1;0;0;0;1;0;0;0;1;
6.24;-3.76;0;0;1;0;0;0;1;0;0;0;1;
6.25;-3.75;0;0;1;0;0;0;1;0;0;0;1;
6.26;-3.74;0;0;1;0;0;0;1;0;0;0;1;
6.27;-3.73;0;0;1;0;0;0;1;0;0;0;1;
6.28;-3.72;0;0;1;0;0;0;1;0;0;0;1;
6.29;-3.71;0;0;1;0;0;0;1;0;0;0;1;
6.3;-3.7;0;0;1;0;0;0;1;0;0;0;1;
6.31;-3.69;0;0;1;0;0;0;1;0;0;0;1;
6.32;-3.68;0;0;1;0;0;0;1;0;0;0;1;
6.33;-3.67;0;0;1;0;0;0;1;0;0;0;1;
6.34;-3.66;0;0;1;0;0;0;1;0;0;0;1;
6.35;-3.65;0;0;1;0;0;0;1;0;0;0;1;
6.36;-3.64;0;0;1;0;0;0;1;0;0;0;1;
6.37;-3.63;0;0;1;0;0;0;1;0;0;0;1;
6.38;-3.62;0;0;1;0;0;0;1;0;0;0;1;
6.39;-3.61;0;0;1;0;0;0;1;0;0;0;1;
6.4;-3.6;0;0;1;0;0;0;1;0;0;0;1;
6.41;-3.59;0;0;1;0;0;0;1;0;0;0;1;
6.42;-3.58;0;0;1;0;0;0;1;0;0;0;1;
6.43;-3.57;0;0;1;0;0;0;1;0;0;0;1;
6.44;-3.56;0;0;1;0;0;0;1;0;0;0;1;
6.45;-3.55;0;0;1;0;0;0;1;0;0;0;1;
6.46;-3.54;0;0;1;0;0;0;1;0;0;0;1;
6.47;-3.53;0;0;1;0;0;0;1;0;0;0;1;
6.48;-3.52;0;0;1;0;0;0;1;0;0;0;1;
6.49;-3.51;0;0;1;0;0;0;1;0;0;0;1;
6.5;-3.5;0;0;1;0;0;0;1;0;0;0;1;
6.51;-3.49;0;0;1;0;0;0;1;0;0;0;1;
6.52;-3.48;0;0;1;0;0;0;1;0;0;0;1;
6.53;-3.47;0;0;1;0;0;0;1;0;0;0;1;
6.54;-3.46;0;0;1;0;0;0;1;0;0;0;1;
6.55;-3.45;0;0;1;0;0;0;1;0;0;0;1;
6.56;-3.44;0;0;1;0;0;0;1;0;0;0;1;
6.57;-3.43;0;0;1;0;0;0;1;0;0;0;1;
6.58;-3.42;0;0;1;0;0;0;1;0;0;0;1;
6.59;-3.41;0;0;1;0;0;0;1;0;0;0;1;
6.6;-3.4;0;0;1;0;0;0;1;0;0;0;1;
6.61;-3.39;0;0;1;0;0;0;1;0;0;0;1;
6.62;-3.38;0;0;1;0;0;0;1;0;0;0;1;
6.63;-3.37;0;0;1;0;0;0;1;0;0;0;1;
6.64;-3.36;0;0;1;0;0;0;1;0;0;0;1;
6.65;-3.35;0;0;1;0;0;0;1;0;0;0;1;
6.66;-3.34;0;0;1;0;0;0;1;0;0;0;1;
6.67;-3.33;0;0;1;0;0;0;1;0;0;0;1;
6.68;-3.32;0;0;1;0;0;0;1;0;0;0;1;
6.69;-3.31;0;0;1;0;0;0;1;0;0;0;1;
6.7;-3.3;0;0;1;0;0;0;1;0;0;0;1;
6.71;-3.29;0;0;1;0;0;0;1;0;0;0;1;
6.72;-3.28;0;0;1;0;0;0;1;0;0;0;1;
6.73;-3.27;0;0;1;0;0;0;1;0;0;0;1;
6.74;-3.26;0;0;1;0;0;0;1;0;0;0;1;
6.75;-3.25;0;0;1;0;0;0;1;0;0;0;1;
6.76;-3.24;0;0;1;0;0;0;1;0;0;0;1;
6.77;-3.23;0;0;1;0;0;0;1;0;0;0;1;
6.78;-3.22;0;0;1;0;0;0;1;0;0;0;1;
6.79;-3.21;0;0;1;0;0;0;1;0;0;0;1;
6.8;-3.2;0;0;1;0;0;0;1;0;0;0;1;
6.81;-3.19;0;0;1;0;0;0;1;0;0;0;1;
6.82;-3.18;0;0;1;0;0;0;1;0;0;0;1;
6.83;-3.17;0;0;1;0;0;0;1;0;0;0;1;
6.84;-3.16;0;0;1;0;0;0;1;0;0;0;1;
6.85;-3.15;0;0;1;0;0;0;1;0;0;0;1;
6.86;-3.14;0;0;1;0;0;0;1;0;0;0;1;
6.87;-3.13;0;0;1;0;0;0;1;0;0;0;1;
6.88;-3.12;0;0;1;0;0;0;1;0;0;0;1;
6.89;-3.11;0;0;1;0;0;0;1;0;0;0;1;
6.9;-3.1;0;0;1;0;0;0;1;0;0;0;1;
6.91;-3.09;0;0;1;0;0;0;1;0;0;0;1;
6.92;-3.08;0;0;1;0;0;0;1;0;0;0;1;
6.93;-3.07;0;0;1;0;0;0;1;0;0;0;1;
6.94;-3.06;0;0;1;0;0;0;1;0;0;0;1;
6.95;-3.05;0;0;1;0;0;0;1;0;0;0;1;
6.96;-3.04;0;0;1;0;0;0;1;0;0;0;1;
6.97;-3.03;0;0;1;0;0;0;1;0;0;0;1;
6.98;-3.02;0;0;1;0;0;0;1;0;0;0;1;
6.99;-3.01;0;0;1;0;0;0;1;0;0;0;1;
7;-3;0;0;1;0;0;0;1;0;0;0;1;
7.01;-2.99;0;0;1;0;0;0;1;0;0;0;1;
7.02;-2.98;0;0;1;0;0;0;1;0;0;0;1;
7.03;-2.97;0;0;1;0;0;0;1;0;0;0;1;
7.04;-2.96;0;0;1;0;0;0;1;0;0;0;1;
7.05;-2.95;0;0;1;0;0;0;1;0;0;0;1;
7.06;-2.94;0;0;1;0;0;0;1;0;0;0;1;
7.07;-2.93;0;0;1;0;0;0;1;0;0;0;1;
7.08;-2.92;0;0;1;0;0;0;1;0;0;0;1;
7.09;-2.91;0;0;1;0;0;0;1;0;0;0;1;
7.1;-2.9;0;0;1;0;0;0;1;0;0;0;1;
7.11;-2.89;0;0;1;0;0;0;1;0;0;0;1;
7.12;-2.88;0;0;1;0;0;0;1;0;0;0;1;
7.13;-2.87;0;0;1;0;0;0;1;0;0;0;1;
7.14;-2.86;0;0;1;0;0;0;1;0;0;0;1;
7.15;-2.85;0;0;1;0;0;0;1;0;0;0;1;
7.16;-2.84;0;0;1;0;0;0;1;0;0;0;1;
7.17;-2.83;0;0;1;0;0;0;1;0;0;0;1;
7.18;-2.82;0;0;1;0;0;0;1;0;0;0;1;
7.19;-2.81;0;0;1;0;0;0;1;0;0;0;1;
7.2;-2.8;0;0;1;0;0;0;1;0;0;0;1;
7.21;-2.79;0;0;1;0;0;0;1;0;0;0;1;
7.22;-2.78;0;0;1;0;0;0;1;0;0;0;1;
7.23;-2.77;0;0;1;0;0;0;1;0;0;0;1;
7.24;-2.76;0;0;1;0;0;0;1;0;0;0;1;
7.25;-2.75;0;0;1;0;0;0;1;0;0;0;1;
7.26;-2.74;0;0;1;0;0;0;1;0;0;0;1;
7.27;-2.73;0;0;1;0;0;0;1;0;0;0;1;
7.28;-2.72;0;0;1;0;0;0;1;0;0;0;1;
7.29;-2.71;0;0;1;0;0;0;1;0;0;0;1;
7.3;-2.7;0;0;1;0;0;0;1;0;0;0;1;
7.31;-2.69;0;0;1;0;0;0;1;0;0;0;1;
7.32;-2.68;0;0;1;0;0;0;1;0;0;0;1;
7.33;-2.67;0;0;1;0;0;0;1;0;0;0;1;
7.34;-2.66;0;0;1;0;0;0;1;0;0;0;1;
7.35;-2.65;0;0;1;0;0;0;1;0;0;0;1;
7.36;-2.64;0;0;1;0;0;0;1;0;0;0;1;
7.37;-2.63;0;0;1;0;0;0;1;0;0;0;1;
7.38;-2.62;0;0;1;0;0;0;1;0;0;0;1;
7.39;-2.61;0;0;1;0;0;0;1;0;0;0;1;
7.4;-2.6;0;0;1;0;0;0;1;0;0;0;1;
7.41;-2.59;0;0;1;0;0;0;1;0;0;0;1;
7.42;-2.58;0;0;1;0;0;0;1;0;0;0;1;
7.43;-2.57;0;0;1;0;0;0;1;0;0;0;1;
7.44;-2.56;0;0;1;0;0;0;1;0;0;0;1;
7.45;-2.55;0;0;1;0;0;0;1;0;0;0;1;
7.46;-2.54;0;0;1;0;0;0;1;0;0;0;1;
7.47;-2.53;0;0;1;0;0;0;1;0;0;0;1;
7.48;-2.52;0;0;1;0;0;0;1;0;0;0;1;
7.49;-2.51;0;0;1;0;0;0;1;0;0;0;1;
7.5;-2.5;0;0;1;0;0;0;1;0;0;0;1;
7.51;-2.49;0;0;1;0;0;0;1;0;0;0;1;
7.52;-2.48;0;0;1;0;0;0;1;0;0;0;1;
7.53;-2.47;0;0;1;0;0;0;1;0;0;0;1;
7.54;-2.46;0;0;1;0;0;0;1;0;0;0;1;
7.55;-2.45;0;0;1;0;0;0;1;0;0;0;1;
7.56;-2.44;0;0;1;0;0;0;1;0;0;0;1;
7.57;-2.43;0;0;1;0;0;0;1;0;0;0;1;
7.58;-2.42;0;0;1;0;0;0;1;0;0;0;1;
7.59;-2.41;0;0;1;0;0;0;1;0;0;0;1;
7.6;-2.4;0;0;1;0;0;0;1;0;0;0;1;
7.61;-2.39;0;0;1;0;0;0;1;0;0;0;1;
7.62;-2.38;0;0;1;0;0;0;1;0;0;0;1;
7.63;-2.37;0;0;1;0;0;0;1;0;0;0;1;
7.64;-2.36;0;0;1;0;0;0;1;0;0;0;1;
7.65;-2.35;0;0;1;0;0;0;1;0;0;0;1;
7.66;-2.34;0;0;1;0;0;0;1;0;0;0;1;
7.67;-2.33;0;0;1;0;0;0;1;0;0;0;1;
7.68;-2.32;0;0;1;0;0;0;1;0;0;0;1;
7.69;-2.31;0;0;1;0;0;0;1;0;0;0;1;
7.7;-2.3;0;0;1;0;0;0;1;0;0;0;1;
7.71;-2.29;0;0;1;0;0;0;1;0;0;0;1;
7.72;-2.28;0;0;1;0;0;0;1;0;0;0;1;
7.73;-2.27;0;0;1;0;0;0;1;0;0;0;1;
7.74;-2.26;0;0;1;0;0;0;1;0;0;0;1;
7.75;-2.25;0;0;1;0;0;0;1;0;0;0;1;
7.76;-2.24;0;0;1;0;0;0;1;0;0;0;1;
7.77;-2.23;0;0;1;0;0;0;1;0;0;0;1;
7.78;-2.22;0;0;1;0;0;0;1;0;0;0;1;
7.79;-2.21;0;0;1;0;0;0;1;0;0;0;1;
7.8;-2.2;0;0;1;0;0;0;1;0;0;0;1;
7.81;-2.19;0;0;1;0;0;0;1;0;0;0;1;
7.82;-2.18;0;0;1;0;0;0;1;0;0;0;1;
7.83;-2.17;0;0;1;0;0;0;1;0;0;0;1;
7.84;-2.16;0;0;1;0;0;0;1;0;0;0;1;
7.85;-2.15;0;0;1;0;0;0;1;0;0;0;1;
7.86;-2.14;0;0;1;0;0;0;1;0;0;0;1;
7.87;-2.13;0;0;1;0;0;0;1;0;0;0;1;
7.88;-2.12;0;0;1;0;0;0;1;0;0;0;1;
7.89;-2.11;0;0;1;0;0;0;1;0;0;0;1;
7.9;-2.1;0;0;1;0;0;0;1;0;0;0;1;
7.91;-2.09;0;0;1;0;0;0;1;0;0;0;1;
7.92;-2.08;0;0;1;0;0;0;1;0;0;0;1;
7.93;-2.07;0;0;1;0;0;0;1;0;0;0;1;
7.94;-2.06;0;0;1;0;0;0;1;0;0;0;1;
7.95;-2.05;0;0;1;0;0;0;1;0;0;0;1;
7.96;-2.04;0;0;1;0;0;0;1;0;0;0;1;
7.97;-2.03;0;0;1;0;0;0;1;0;0;0;1;
7.98;-2.02;0;0;1;0;0;0;1;0;0;0;1;
7.99;-2.01;0;0;1;0;0;0;1;0;0;0;1;
8;-2;0;0;1;0;0;0;1;0;0;0;1;
8.01;-1.99;0;0;1;0;0;0;1;0;0;0;1;
8.02;-1.98;0;0;1;0;0;0;1;0;0;0;1;
8.03;-1.97;0;0;1;0;0;0;1;0;0;0;1;
8.04;-1.96;0;0;1;0;0;0;1;0;0;0;1;
8.05;-1.95;0;0;1;0;0;0;1;0;0;0;1;
8.06;-1.94;0;0;1;0;0;0;1;0;0;0;1;
8.07;-1.93;0;0;1;0;0;0;1;0;0;0;1;
8.08;-1.92;0;0;1;0;0;0;1;0;0;0;1;
8.09;-1.91;0;0;1;0;0;0;1;0;0;0;1;
8.1;-1.9;0;0;1;0;0;0;1;0;0;0;1;
8.11;-1.89;0;0;1;0;0;0;1;0;0;0;1;
8.12;-1.88;0;0;1;0;0;0;1;0;0;0;1;
8.13;-1.87;0;0;1;0;0;0;1;0;0;0;1;
8.14;-1.86;0;0;1;0;0;0;1;0;0;0;1;
8.15;-1.85;0;0;1;0;0;0;1;0;0;0;1;
8.16;-1.84;0;0;1;0;0;0;1;0;0;0;1;
8.17;-1.83;0;0;1;0;0;0;1;0;0;0;1;
8.18;-1.82;0;0;1;0;0;0;1;0;0;0;1;
8.19;-1.81;0;0;1;0;0;0;1;0;0;0;1;
8.2;-1.8;0;0;1;0;0;0;1;0;0;0;1;
8.21;-1.79;0;0;1;0;0;0;1;0;0;0;1;
8.22;-1.78;0;0;1;0;0;0;1;0;0;0;1;
8.23;-1.77;0;0;1;0;0;0;1;0;0;0;1;
8.24;-1.76;0;0;1;0;0;0;1;0;0;0;1;
8.25;-1.75;0;0;1;0;0;0;1;0;0;0;1;
8.26;-1.74;0;0;1;0;0;0;1;0;0;0;1;
8.27;-1.73;0;0;1;0;0;0;1;0;0;0;1;
8.28;-1.72;0;0;1;0;0;0;1;0;0;0;1;
8.29;-1.71;0;0;1;0;0;0;1;0;0;0;1;
8.3;-1.7;0;0;1;0;0;0;1;0;0;0;1;
8.31;-1.69;0;0;1;0;0;0;1;0;0;0;1;
8.32;-1.68;0;0;1;0;0;0;1;0;0;0;1;
8.33;-1.67;0;0;1;0;0;0;1;0;0;0;1;
8.34;-1.66;0;0;1;0;0;0;1;0;0;0;1;
8.35;-1.65;0;0;1;0;0;0;1;0;0;0;1;
8.36;-1.64;0;0;1;0;0;0;1;0;0;0;1;
8.37;-1.63;0;0;1;0;0;0;1;0;0;0;1;
8.38;-1.62;0;0;1;0;0;0;1;0;0;0;1;
8.39;-1.61;0;0;1;0;0;0;1;0;0;0;1;
8.4;-1.6;0;0;1;0;0;0;1;0;0;0;1;
8.41;-1.59;0;0;1;0;0;0;1;0;0;0;1;
8.42;-1.58;0;0;1;0;0;0;1;0;0;0;1;
8.43;-1.57;0;0;1;0;0;0;1;0;0;0;1;
8.44;-1.56;0;0;1;0;0;0;1;0;0;0;1;
8.45;-1.55;0;0;1;0;0;0;1;0;0;0;1;
8.46;-1.54;0;0;1;0;0;0;1;0;0;0;1;
8.47;-1.53;0;0;1;0;0;0;1;0;0;0;1;
8.48;-1.52;0;0;1;0;0;0;1;0;0;0;1;
8.49;-1.51;0;0;1;0;0;0;1;0;0;0;1;
8.5;-1.5;0;0;1;0;0;0;1;0;0;0;1;
8.51;-1.49;0;0;1;0;0;0;1;0;0;0;1;
8.52;-1.48;0;0;1;0;0;0;1;0;0;0;1;
8.53;-1.47;0;0;1;0;0;0;1;0;0;0;1;
8.54;-1.46;0;0;1;0;0;0;1;0;0;0;1;
8.55;-1.45;0;0;1;0;0;0;1;0;0;0;1;
8.56;-1.44;0;0;1;0;0;0;1;0;0;0;1;
8.57;-1.43;0;0;1;0;0;0;1;0;0;0;1;
8.58;-1.42;0;0;1;0;0;0;1;0;0;0;1;
8.59;-1.41;0;0;1;0;0;0;1;0;0;0;1;
8.6;-1.4;0;0;1;0;0;0;1;0;0;0;1;
8.61;-1.39;0;0;1;0;0;0;1;0;0;0;1;
8.62;-1.38;0;0;1;0;0;0;1;0;0;0;1;
8.63;-1.37;0;0;1;0;0;0;1;0;0;0;1;
8.64;-1.36;0;0;1;0;0;0;1;0;0;0;1;
8.65;-1.35;0;0;1;0;0;0;1;0;0;0;1;
8.66;-1.34;0;0;1;0;0;0;1;0;0;0;1;
8.67;-1.33;0;0;1;0;0;0;1;0;0;0;1;
8.68;-1.32;0;0;1;0;0;0;1;0;0;0;1;
8.69;-1.31;0;0;1;0;0;0;1;0;0;0;1;
8.7;-1.3;0;0;1;0;0;0;1;0;0;0;1;
8.71;-1.29;0;0;1;0;0;0;1;0;0;0;1;
8.72;-1.28;0;0;1;0;0;0;1;0;0;0;1;
8.73;-1.27;0;0;1;0;0;0;1;0;0;0;1;
8.74;-1.26;0;0;1;0;0;0;1;0;0;0;1;
8.75;-1.25;0;0;1;0;0;0;1;0;0;0;1;
8.76;-1.24;0;0;1;0;0;0;1;0;0;0;1;
8.77;-1.23;0;0;1;0;0;0;1;0;0;0;1;
8.78;-1.22;0;0;1;0;0;0;1;0;0;0;1;
8.79;-1.21;0;0;1;0;0;0;1;0;0;0;1;
8.8;-1.2;0;0;1;0;0;0;1;0;0;0;1;
8.81;-1.19;0;0;1;0;0;0;1;0;0;0;1;
8.82;-1.18;0;0;1;0;0;0;1;0;0;0;1;
8.83;-1.17;0;0;1;0;0;0;1;0;0;0;1;
8.84;-1.16;0;0;1;0;0;0;1;0;0;0;1;
8.85;-1.15;0;0;1;0;0;0;1;0;0;0;1;
8.86;-1.14;0;0;1;0;0;0;1;0;0;0;1;
8.87;-1.13;0;0;1;0;0;0;1;0;0;0;1;
8.88;-1.12;0;0;1;0;0;0;1;0;0;0;1;
8.89;-1.11;0;0;1;0;0;0;1;0;0;0;1;
8.9;-1.1;0;0;1;0;0;0;1;0;0;0;1;
8.91;-1.09;0;0;1;0;0;0;1;0;0;0;1;
8.92;-1.08;0;0;1;0;0;0;1;0;0;0;1;
8.93;-1.07;0;0;1;0;0;0;1;0;0;0;1;
8.94;-1.06;0;0;1;0;0;0;1;0;0;0;1;
8.95;-1.05;0;0;1;0;0;0;1;0;0;0;1;
8.96;-1.04;0;0;1;0;0;0;1;0;0;0;1;
8.97;-1.03;0;0;1;0;0;0;1;0;0;0;1;
8.98;-1.02;0;0;1;0;0;0;1;0;0;0;1;
8.99;-1.01;0;0;1;0;0;0;1;0;0;0;1;
9;-1;0;0;1;0;0;0;1;0;0;0;1;
9.01;-0.99;0;0;1;0;0;0;1;0;0;0;1;
9.02;-0.98;0;0;1;0;0;0;1;0;0;0;1;
9.03;-0.97;0;0;1;0;0;0;1;0;0;0;1;
9.04;-0.96;0;0;1;0;0;0;1;0;0;0;1;
9.05;-0.95;0;0;1;0;0;0;1;0;0;0;1;
9.06;-0.94;0;0;1;0;0;0;1;0;0;0;1;
9.07;-0.93;0;0;1;0;0;0;1;0;0;0;1;
9.08;-0.92;0;0;1;0;0;0;1;0;0;0;1;
9.09;-0.91;0;0;1;0;0;0;1;0;0;0;1;
9.1;-0.9;0;0;1;0;0;0;1;0;0;0;1;
9.11;-0.89;0;0;1;0;0;0;1;0;0;0;1;
9.12;-0.88;0;0;1;0;0;0;1;0;0;0;1;
9.13;-0.87;0;0;1;0;0;0;1;0;0;0;1;
9.14;-0.86;0;0;1;0;0;0;1;0;0;0;1;
9.15;-0.85;0;0;1;0;0;0;1;0;0;0;1;
9.16;-0.84;0;0;1;0;0;0;1;0;0;0;1;
9.17;-0.83;0;0;1;0;0;0;1;0;0;0;1;
9.18;-0.82;0;0;1;0;0;0;1;0;0;0;1;
9.19;-0.81;0;0;1;0;0;0;1;0;0;0;1;
9.2;-0.8;0;0;1;0;0;0;1;0;0;0;1;
9.21;-0.79;0;0;1;0;0;0;1;0;0;0;1;
9.22;-0.78;0;0;1;0;0;0;1;0;0;0;1;
9.23;-0.77;0;0;1;0;0;0;1;0;0;0;1;
9.24;-0.76;0;0;1;0;0;0;1;0;0;0;1;
9.25;-0.75;0;0;1;0;0;0;1;0;0;0;1;
9.26;-0.74;0;0;1;0;0;0;1;0;0;0;1;
9.27;-0.73;0;0;1;0;0;0;1;0;0;0;1;
9.28;-0.72;0;0;1;0;0;0;1;0;0;0;1;
9.29;-0.71;0;0;1;0;0;0;1;0;0;0;1;
9.3;-0.7;0;0;1;0;0;0;1;0;0;0;1;
9.31;-0.69;0;0;1;0;0;0;1;0;0;0;1;
9.32;-0.68;0;0;1;0;0;0;1;0;0;0;1;
9.33;-0.67;0;0;1;0;0;0;1;0;0;0;1;
9.34;-0.66;0;0;1;0;0;0;1;0;0;0;1;
9.35;-0.65;0;0;1;0;0;0;1;0;0;0;1;
9.36;-0.64;0;0;1;0;0;0;1;0;0;0;1;
9.37;-0.63;0;0;1;0;0;0;1;0;0;0;1;
9.38;-0.62;0;0;1;0;0;0;1;0;0;0;1;
9.39;-0.61;0;0;1;0;0;0;1;0;0;0;1;
9.4;-0.6;0;0;1;0;0;0;1;0;0;0;1;
9.41;-0.59;0;0;1;0;0;0;1;0;0;0;1;
9.42;-0.58;0;0;1;0;0;0;1;0;0;0;1;
9.43;-0.57;0;0;1;0;0;0;1;0;0;0;1;
9.44;-0.56;0;0;1;0;0;0;1;0;0;0;1;
9.45;-0.55;0;0;1;0;0;0;1;0;0;0;1;
9.46;-0.54;0;0;1;0;0;0;1;0;0;0;1;
9.47;-0.53;0;0;1;0;0;0;1;0;0;0;1;
9.48;-0.52;0;0;1;0;0;0;1;0;0;0;1;
9.49;-0.51;0;0;1;0;0;0;1;0;0;0;1;
9.5;-0.5;0;0;1;0;0;0;1;0;0;0;1;
9.51;-0.49;0;0;1;0;0;0;1;0;0;0;1;
9.52;-0.48;0;0;1;0;0;0;1;0;0;0;1;
9.53;-0.47;0;0;1;0;0;0;1;0;0;0;1;
9.54;-0.46;0;0;1;0;0;0;1;0;0;0;1;
9.55;-0.45;0;0;1;0;0;0;1;0;0;0;1;
9.56;-0.44;0;0;1;0;0;0;1;0;0;0;1;
9.57;-0.43;0;0;1;0;0;0;1;0;0;0;1;
9.58;-0.42;0;0;1;0;0;0;1;0;0;0;1;
9.59;-0.41;0;0;1;0;0;0;1;0;0;0;1;
9.6;-0.4;0;0;1;0;0;0;1;0;0;0;1;
9.61;-0.39;0;0;1;0;0;0;1;0;0;0;1;
9.62;-0.38;0;0;1;0;0;0;1;0;0;0;1;
9.63;-0.37;0;0;1;0;0;0;1;0;0;0;1;
9.64;-0.36;0;0;1;0;0;0;1;0;0;0;1;
9.65;-0.35;0;0;1;0;0;0;1;0;0;0;1;
9.66;-0.34;0;0;1;0;0;0;1;0;0;0;1;
9.67;-0.33;0;0;1;0;0;0;1;0;0;0;1;
9.68;-0.32;0;0;1;0;0;0;1;0;0;0;1;
9.69;-0.31;0;0;1;0;0;0;1;0;0;0;1;
9.7;-0.3;0;0;1;0;0;0;1;0;0;0;1;
9.71;-0.29;0;0;1;0;0;0;1;0;0;0;1;
9.72;-0.28;0;0;1;0;0;0;1;0;0;0;1;
9.73;-0.27;0;0;1;0;0;0;1;0;0;0;1;
9.74;-0.26;0;0;1;0;0;0;1;0;0;0;1;
9.75;-0.25;0;0;1;0;0;0;1;0;0;0;1;
9.76;-0.24;0;0;1;0;0;0;1;0;0;0;1;
9.77;-0.23;0;0;1;0;0;0;1;0;0;0;1;
9.78;-0.22;0;0;1;0;0;0;1;0;0;0;1;
9.79;-0.21;0;0;1;0;0;0;1;0;0;0;1;
9.8;-0.2;0;0;1;0;0;0;1;0;0;0;1;
9.81;-0.19;0;0;1;0;0;0;1;0;0;0;1;
9.82;-0.18;0;0;1;0;0;0;1;0;0;0;1;
9.83;-0.17;0;0;1;0;0;0;1;0;0;0;1;
9.84;-0.16;0;0;1;0;0;0;1;0;0;0;1;
9.85;-0.15;0;0;1;0;0;0;1;0;0;0;1;
9.86;-0.14;0;0;1;0;0;0;1;0;0;0;1;
9.87;-0.13;0;0;1;0;0;0;1;0;0;0;1;
9.88;-0.12;0;0;1;0;0;0;1;0;0;0;1;
9.89;-0.11;0;0;1;0;0;0;1;0;0;0;1;
9.9;-0.1;0;0;1;0;0;0;1;0;0;0;1;
9.91;-0.09;0;0;1;0;0;0;1;0;0;0;1;
9.92;-0.08;0;0;1;0;0;0;1;0;0;0;1;
9.93;-0.07;0;0;1;0;0;0;1;0;0;0;1;
9.94;-0.06;0;0;1;0;0;0;1;0;0;0;1;
9.95;-0.05;0;0;1;0;0;0;1;0;0;0;1;
9.96;-0.04;0;0;1;0;0;0;1;0;0;0;1;
9.97;-0.03;0;0;1;0;0;0;1;0;0;0;1;
9.98;-0.02;0;0;1;0;0;0;1;0;0;0;1;
9.99;-0.01;0;0;1;0;0;0;1;0;0;0;1;
10;0;0;0;1;0;0;0;1;0;0;0;1;
10.01;0.01;0;0;1;0;0;0;1;0;0;0;1;
10.02;0.02;0;0;1;0;0;0;1;0;0;0;1;
10.03;0.03;0;0;1;0;0;0;1;0;0;0;1;
10.04;0.04;0;0;1;0;0;0;1;0;0;0;1;
10.05;0.05;0;0;1;0;0;0;1;0;0;0;1;
10.06;0.06;0;0;1;0;0;0;1;0;0;0;1;
10.07;0.07;0;0;1;0;0;0;1;0;0;0;1;
10.08;0.08;0;0;1;0;0;0;1;0;0;0;1;
10.09;0.09;0;0;1;0;0;0;1;0;0;0;1;
10.1;0.1;0;0;1;0;0;0;1;0;0;0;1;
10.11;0.11;0;0;1;0;0;0;1;0;0;0;1;
10.12;0.12;0;0;1;0;0;0;1;0;0;0;1;
10.13;0.13;0;0;1;0;0;0;1;0;0;0;1;
10.14;0.14;0;0;1;0;0;0;1;0;0;0;1;
10.15;0.15;0;0;1;0;0;0;1;0;0;0;1;
10.16;0.16;0;0;1;0;0;0;1;0;0;0;1;
10.17;0.17;0;0;1;0;0;0;1;0;0;0;1;
10.18;0.18;0;0;1;0;0;0;1;0;0;0;1;
10.19;0.19;0;0;1;0;0;0;1;0;0;0;1;
10.2;0.2;0;0;1;0;0;0;1;0;0;0;1;
10.21;0.21;0;0;1;0;0;0;1;0;0;0;1;
10.22;0.22;0;0;1;0;0;0;1;0;0;0;1;
10.23;0.23;0;0;1;0;0;0;1;0;0;0;1;
10.24;0.24;0;0;1;0;0;0;1;0;0;0;1;
10.25;0.25;0;0;1;0;0;0;1;0;0;0;1;
10.26;0.26;0;0;1;0;0;0;1;0;0;0;1;
10.27;0.27;0;0;1;0;0;0;1;0;0;0;1;
10.28;0.28;0;0;1;0;0;0;1;0;0;0;1;
10.29;0.29;0;0;1;0;0;0;1;0;0;0;1;
10.3;0.3;0;0;1;0;0;0;1;0;0;0;1;
10.31;0.31;0;0;1;0;0;0;1;0;0;0;1;
10.32;0.32;0;0;1;0;0;0;1;0;0;0;1;
10.33;0.33;0;0;1;0;0;0;1;0;0;0;1;
10.34;0.34;0;0;1;0;0;0;1;0;0;0;1;
10.35;0.35;0;0;1;0;0;0;1;0;0;0;1;
10.36;0.36;0;0;1;0;0;0;1;0;0;0;1;
10.37;0.37;0;0;1;0;0;0;1;0;0;0;1;
10.38;0.38;0;0;1;0;0;0;1;0;0;0;1;
10.39;0.39;0;0;1;0;0;0;1;0;0;0;1;
10.4;0.4;0;0;1;0;0;0;1;0;0;0;1;
10.41;0.41;0;0;1;0;0;0;1;0;0;0;1;
10.42;0.42;0;0;1;0;0;0;1;0;0;0;1;
10.43;0.43;0;0;1;0;0;0;1;0;0;0;1;
10.44;0.44;0;0;1;0;0;0;1;0;0;0;1;
10.45;0.45;0;0;1;0;0;0;1;0;0;0;1;
10.46;0.46;0;0;1;0;0;0;1;0;0;0;1;
10.47;0.47;0;0;1;0;0;0;1;0;0;0;1;
10.48;0.48;0;0;1;0;0;0;1;0;0;0;1;
10.49;0.49;0;0;1;0;0;0;1;0;0;0;1;
10.5;0.5;0;0;1;0;0;0;1;0;0;0;1;
10.51;0.51;0;0;1;0;0;0;1;0;0;0;1;
10.52;0.52;0;0;1;0;0;0;1;0;0;0;1;
10.53;0.53;0;0;1;0;0;0;1;0;0;0;1;
10.54;0.54;0;0;1;0;0;0;1;0;0;0;1;
10.55;0.55;0;0;1;0;0;0;1;0;0;0;1;
10.56;0.56;0;0;1;0;0;0;1;0;0;0;1;
10.57;0.57;0;0;1;0;0;0;1;0;0;0;1;
10.58;0.58;0;0;1;0;0;0;1;0;0;0;1;
10.59;0.59;0;0;1;0;0;0;1;0;0;0;1;
10.6;0.6;0;0;1;0;0;0;1;0;0;0;1;
10.61;0.61;0;0;1;0;0;0;1;0;0;0;1;
10.62;0.62;0;0;1;0;0;0;1;0;0;0;1;
10.63;0.63;0;0;1;0;0;0;1;0;0;0;1;
10.64;0.64;0;0;1;0;0;0;1;0;0;0;1;
10.65;0.65;0;0;1;0;0;0;1;0;0;0;1;
10.66;0.66;0;0;1;0;0;0;1;0;0;0;1;
10.67;0.67;0;0;1;0;0;0;1;0;0;0;1;
10.68;0.68;0;0;1;0;0;0;1;0;0;0;1;
10.69;0.69;0;0;1;0;0;0;1;0;0;0;1;
10.7;0.7;0;0;1;0;0;0;1;0;0;0;1;
10.71;0.71;0;0;1;0;0;0;1;0;0;0;1;
10.72;0.72;0;0;1;0;0;0;1;0;0;0;1;
10.73;0.73;0;0;1;0;0;0;1;0;0;0;1;
10.74;0.74;0;0;1;0;0;0;1;0;0;0;1;
10.75;0.75;0;0;1;0;0;0;1;0;0;0;1;
10.76;0.76;0;0;1;0;0;0;1;0;0;0;1;
10.77;0.77;0;0;1;0;0;0;1;0;0;0;1;
10.78;0.78;0;0;1;0;0;0;1;0;0;0;1;
10.79;0.79;0;0;1;0;0;0;1;0;0;0;1;
10.8;0.8;0;0;1;0;0;0;1;0;0;0;1;
10.81;0.81;0;0;1;0;0;0;1;0;0;0;1;
10.82;0.82;0;0;1;0;0;0;1;0;0;0;1;
10.83;0.83;0;0;1;0;0;0;1;0;0;0;1;
10.84;0.84;0;0;1;0;0;0;1;0;0;0;1;
10.85;0.85;0;0;1;0;0;0;1;0;0;0;1;
10.86;0.86;0;0;1;0;0;0;1;0;0;0;1;
10.87;0.87;0;0;1;0;0;0;1;0;0;0;1;
10.88;0.88;0;0;1;0;0;0;1;0;0;0;1;
10.89;0.89;0;0;1;0;0;0;1;0;0;0;1;
10.9;0.9;0;0;1;0;0;0;1;0;0;0;1;
10.91;0.91;0;0;1;0;0;0;1;0;0;0;1;
10.92;0.92;0;0;1;0;0;0;1;0;0;0;1;
10.93;0.93;0;0;1;0;0;0;1;0;0;0;1;
10.94;0.94;0;0;1;0;0;0;1;0;0;0;1;
10.95;0.95;0;0;1;0;0;0;1;0;0;0;1;
10.96;0.96;0;0;1;0;0;0;1;0;0;0;1;
10.97;0.97;0;0;1;0;0;0;1;0;0;0;1;
10.98;0.98;0;0;1;0;0;0;1;0;0;0;1;
10.99;0.99;0;0;1;0;0;0;1;0;0;0;1;
11;1;0;0;1;0;0;0;1;0;0;0;1;
11.01;1.01;0;0;1;0;0;0;1;0;0;0;1;
11.02;1.02;0;0;1;0;0;0;1;0;0;0;1;
11.03;1.03;0;0;1;0;0;0;1;0;0;0;1;
11.04;1.04;0;0;1;0;0;0;1;0;0;0;1;
11.05;1.05;0;0;1;0;0;0;1;0;0;0;1;
11.06;1.06;0;0;1;0;0;0;1;0;0;0;1;
11.07;1.07;0;0;1;0;0;0;1;0;0;0;1;
11.08;1.08;0;0;1;0;0;0;1;0;0;0;1;
11.09;1.09;0;0;1;0;0;0;1;0;0;0;1;
11.1;1.1;0;0;1;0;0;0;1;0;0;0;1;
11.11;1.11;0;0;1;0;0;0;1;0;0;0;1;
11.12;1.12;0;0;1;0;0;0;1;0;0;0;1;
11.13;1.13;0;0;1;0;0;0;1;0;0;0;1;
11.14;1.14;0;0;1;0;0;0;1;0;0;0;1;
11.15;1.15;0;0;1;0;0;0;1;0;0;0;1;
11.16;1.16;0;0;1;0;0;0;1;0;0;0;1;
11.17;1.17;0;0;1;0;0;0;1;0;0;0;1;
11.18;1.18;0;0;1;0;0;0;1;0;0;0;1;
11.19;1.19;0;0;1;0;0;0;1;0;0;0;1;
11.2;1.2;0;0;1;0;0;0;1;0;0;0;1;
11.21;1.21;0;0;1;0;0;0;1;0;0;0;1;
11.22;1.22;0;0;1;0;0;0;1;0;0;0;1;
11.23;1.23;0;0;1;0;0;0;1;0;0;0;1;
11.24;1.24;0;0;1;0;0;0;1;0;0;0;1;
11.25;1.25;0;0;1;0;0;0;1;0;0;0;1;
11.26;1.26;0;0;1;0;0;0;1;0;0;0;1;
11.27;1.27;0;0;1;0;0;0;1;0;0;0;1;
11.28;1.28;0;0;1;0;0;0;1;0;0;0;1;
11.29;1.29;0;0;1;0;0;0;1;0;0;0;1;
11.3;1.3;0;0;1;0;0;0;1;0;0;0;1;
11.31;1.31;0;0;1;0;0;0;1;0;0;0;1;
11.32;1.32;0;0;1;0;0;0;1;0;0;0;1;
11.33;1.33;0;0;1;0;0;0;1;0;0;0;1;
11.34;1.34;0;0;1;0;0;0;1;0;0;0;1;
11.35;1.35;0;0;1;0;0;0;1;0;0;0;1;
11.36;1.36;0;0;1;0;0;0;1;0;0;0;1;
11.37;1.37;0;0;1;0;0;0;1;0;0;0;1;
11.38;1.38;0;0;1;0;0;0;1;0;0;0;1;
11.39;1.39;0;0;1;0;0;0;1;0;0;0;1;
11.4;1.4;0;0;1;0;0;0;1;0;0;0;1;
11.41;1.41;0;0;1;0;0;0;1;0;0;0;1;
11.42;1.42;0;0;1;0;0;0;1;0;0;0;1;
11.43;1.43;0;0;1;0;0;0;1;0;0;0;1;
11.44;1.44;0;0;1;0;0;0;1;0;0;0;1;
11.45;1.45;0;0;1;0;0;0;1;0;0;0;1;
11.46;1.46;0;0;1;0;0;0;1;0;0;0;1;
11.47;1.47;0;0;1;0;0;0;1;0;0;0;1;
11.48;1.48;0;0;1;0;0;0;1;0;0;0;1;
11.49;1.49;0;0;1;0;0;0;1;0;0;0;1;
11.5;1.5;0;0;1;0;0;0;1;0;0;0;1;
11.51;1.51;0;0;1;0;0;0;1;0;0;0;1;
11.52;1.52;0;0;1;0;0;0;1;0;0;0;1;
11.53;1.53;0;0;1;0;0;0;1;0;0;0;1;
11.54;1.54;0;0;1;0;0;0;1;0;0;0;1;
11.55;1.55;0;0;1;0;0;0;1;0;0;0;1;
11.56;1.56;0;0;1;0;0;0;1;0;0;0;1;
11.57;1.57;0;0;1;0;0;0;1;0;0;0;1;
11.58;1.58;0;0;1;0;0;0;1;0;0;0;1;
11.59;1.59;0;0;1;0;0;0;1;0;0;0;1;
11.6;1.6;0;0;1;0;0;0;1;0;0;0;1;
11.61;1.61;0;0;1;0;0;0;1;0;0;0;1;
11.62;1.62;0;0;1;0;0;0;1;0;0;0;1;
11.63;1.63;0;0;1;0;0;0;1;0;0;0;1;
11.64;1.64;0;0;1;0;0;0;1;0;0;0;1;
11.65;1.65;0;0;1;0;0;0;1;0;0;0;1;
11.66;1.66;0;0;1;0;0;0;1;0;0;0;1;
11.67;1.67;0;0;1;0;0;0;1;0;0;0;1;
11.68;1.68;0;0;1;0;0;0;1;0;0;0;1;
11.69;1.69;0;0;1;0;0;0;1;0;0;0;1;
11.7;1.7;0;0;1;0;0;0;1;0;0;0;1;
11.71;1.71;0;0;1;0;0;0;1;0;0;0;1;
11.72;1.72;0;0;1;0;0;0;1;0;0;0;1;
11.73;1.73;0;0;1;0;0;0;1;0;0;0;1;
11.74;1.74;0;0;1;0;0;0;1;0;0;0;1;
11.75;1.75;0;0;1;0;0;0;1;0;0;0;1;
11.76;1.76;0;0;1;0;0;0;1;0;0;0;1;
11.77;1.77;0;0;1;0;0;0;1;0;0;0;1;
11.78;1.78;0;0;1;0;0;0;1;0;0;0;1;
11.79;1.79;0;0;1;0;0;0;1;0;0;0;1;
11.8;1.8;0;0;1;0;0;0;1;0;0;0;1;
11.81;1.81;0;0;1;0;0;0;1;0;0;0;1;
11.82;1.82;0;0;1;0;0;0;1;0;0;0;1;
11.83;1.83;0;0;1;0;0;0;1;0;0;0;1;
11.84;1.84;0;0;1;0;0;0;1;0;0;0;1;
11.85;1.85;0;0;1;0;0;0;1;0;0;0;1;
11.86;1.86;0;0;1;0;0;0;1;0;0;0;1;
11.87;1.87;0;0;1;0;0;0;1;0;0;0;1;
11.88;1.88;0;0;1;0;0;0;1;0;0;0;1;
11.89;1.89;0;0;1;0;0;0;1;0;0;0;1;
11.9;1.9;0;0;1;0;0;0;1;0;0;0;1;
11.91;1.91;0;0;1;0;0;0;1;0;0;0;1;
11.92;1.92;0;0;1;0;0;0;1;0;0;0;1;
11.93;1.93;0;0;1;0;0;0;1;0;0;0;1;
11.94;1.94;0;0;1;0;0;0;1;0;0;0;1;
11.95;1.95;0;0;1;0;0;0;1;0;0;0;1;
11.96;1.96;0;0;1;0;0;0;1;0;0;0;1;
11.97;1.97;0;0;1;0;0;0;1;0;0;0;1;
11.98;1.98;0;0;1;0;0;0;1;0;0;0;1;
11.99;1.99;0;0;1;0;0;0;1;0;0;0;1;
12;2;0;0;1;0;0;0;1;0;0;0;1;
12.01;2.01;0;0;1;0;0;0;1;0;0;0;1;
12.02;2.02;0;0;1;0;0;0;1;0;0;0;1;
12.03;2.03;0;0;1;0;0;0;1;0;0;0;1;
12.04;2.04;0;0;1;0;0;0;1;0;0;0;1;
12.05;2.05;0;0;1;0;0;0;1;0;0;0;1;
12.06;2.06;0;0;1;0;0;0;1;0;0;0;1;
12.07;2.07;0;0;1;0;0;0;1;0;0;0;1;
12.08;2.08;0;0;1;0;0;0;1;0;0;0;1;
12.09;2.09;0;0;1;0;0;0;1;0;0;0;1;
12.1;2.1;0;0;1;0;0;0;1;0;0;0;1;
12.11;2.11;0;0;1;0;0;0;1;0;0;0;1;
12.12;2.12;0;0;1;0;0;0;1;0;0;0;1;
12.13;2.13;0;0;1;0;0;0;1;0;0;0;1;
12.14;2.14;0;0;1;0;0;0;1;0;0;0;1;
12.15;2.15;0;0;1;0;0;0;1;0;0;0;1;
12.16;2.16;0;0;1;0;0;0;1;0;0;0;1;
12.17;2.17;0;0;1;0;0;0;1;0;0;0;1;
12.18;2.18;0;0;1;0;0;0;1;0;0;0;1;
12.19;2.19;0;0;1;0;0;0;1;0;0;0;1;
12.2;2.2;0;0;1;0;0;0;1;0;0;0;1;
12.21;2.21;0;0;1;0;0;0;1;0;0;0;1;
12.22;2.22;0;0;1;0;0;0;1;0;0;0;1;
12.23;2.23;0;0;1;0;0;0;1;0;0;0;1;
12.24;2.24;0;0;1;0;0;0;1;0;0;0;1;
12.25;2.25;0;0;1;0;0;0;1;0;0;0;1;
12.26;2.26;0;0;1;0;0;0;1;0;0;0;1;
12.27;2.27;0;0;1;0;0;0;1;0;0;0;1;
12.28;2.28;0;0;1;0;0;0;1;0;0;0;1;
12.29;2.29;0;0;1;0;0;0;1;0;0;0;1;
12.3;2.3;0;0;1;0;0;0;1;0;0;0;1;
12.31;2.31;0;0;1;0;0;0;1;0;0;0;1;
12.32;2.32;0;0;1;0;0;0;1;0;0;0;1;
12.33;2.33;0;0;1;0;0;0;1;0;0;0;1;
12.34;2.34;0;0;1;0;0;0;1;0;0;0;1;
12.35;2.35;0;0;1;0;0;0;1;0;0;0;1;
12.36;2.36;0;0;1;0;0;0;1;0;0;0;1;
12.37;2.37;0;0;1;0;0;0;1;0;0;0;1;
12.38;2.38;0;0;1;0;0;0;1;0;0;0;1;
12.39;2.39;0;0;1;0;0;0;1;0;0;0;1;
12.4;2.4;0;0;1;0;0;0;1;0;0;0;1;
12.41;2.41;0;0;1;0;0;0;1;0;0;0;1;
12.42;2.42;0;0;1;0;0;0;1;0;0;0;1;
12.43;2.43;0;0;1;0;0;0;1;0;0;0;1;
12.44;2.44;0;0;1;0;0;0;1;0;0;0;1;
12.45;2.45;0;0;1;0;0;0;1;0;0;0;1;
12.46;2.46;0;0;1;0;0;0;1;0;0;0;1;
12.47;2.47;0;0;1;0;0;0;1;0;0;0;1;
12.48;2.48;0;0;1;0;0;0;1;0;0;0;1;
12.49;2.49;0;0;1;0;0;0;1;0;0;0;1;
12.5;2.5;0;0;1;0;0;0;1;0;0;0;1;
12.51;2.51;0;0;1;0;0;0;1;0;0;0;1;
12.52;2.52;0;0;1;0;0;0;1;0;0;0;1;
12.53;2.53;0;0;1;0;0;0;1;0;0;0;1;
12.54;2.54;0;0;1;0;0;0;1;0;0;0;1;
12.55;2.55;0;0;1;0;0;0;1;0;0;0;1;
12.56;2.56;0;0;1;0;0;0;1;0;0;0;1;
12.57;2.57;0;0;1;0;0;0;1;0;0;0;1;
12.58;2.58;0;0;1;0;0;0;1;0;0;0;1;
12.59;2.59;0;0;1;0;0;0;1;0;0;0;1;
12.6;2.6;0;0;1;0;0;0;1;0;0;0;1;
12.61;2.61;0;0;1;0;0;0;1;0;0;0;1;
12.62;2.62;0;0;1;0;0;0;1;0;0;0;1;
12.63;2.63;0;0;1;0;0;0;1;0;0;0;1;
12.64;2.64;0;0;1;0;0;0;1;0;0;0;1;
12.65;2.65;0;0;1;0;0;0;1;0;0;0;1;
12.66;2.66;0;0;1;0;0;0;1;0;0;0;1;
12.67;2.67;0;0;1;0;0;0;1;0;0;0;1;
12.68;2.68;0;0;1;0;0;0;1;0;0;0;1;
12.69;2.69;0;0;1;0;0;0;1;0;0;0;1;
12.7;2.7;0;0;1;0;0;0;1;0;0;0;1;
12.71;2.71;0;0;1;0;0;0;1;0;0;0;1;
12.72;2.72;0;0;1;0;0;0;1;0;0;0;1;
12.73;2.73;0;0;1;0;0;0;1;0;0;0;1;
12.74;2.74;0;0;1;0;0;0;1;0;0;0;1;
12.75;2.75;0;0;1;0;0;0;1;0;0;0;1;
12.76;2.76;0;0;1;0;0;0;1;0;0;0;1;
12.77;2.77;0;0;1;0;0;0;1;0;0;0;1;
12.78;2.78;0;0;1;0;0;0;1;0;0;0;1;
12.79;2.79;0;0;1;0;0;0;1;0;0;0;1;
12.8;2.8;0;0;1;0;0;0;1;0;0;0;1;
12.81;2.81;0;0;1;0;0;0;1;0;0;0;1;
12.82;2.82;0;0;1;0;0;0;1;0;0;0;1;
12.83;2.83;0;0;1;0;0;0;1;0;0;0;1;
12.84;2.84;0;0;1;0;0;0;1;0;0;0;1;
12.85;2.85;0;0;1;0;0;0;1;0;0;0;1;
12.86;2.86;0;0;1;0;0;0;1;0;0;0;1;
12.87;2.87;0;0;1;0;0;0;1;0;0;0;1;
12.88;2.88;0;0;1;0;0;0;1;0;0;0;1;
12.89;2.89;0;0;1;0;0;0;1;0;0;0;1;
12.9;2.9;0;0;1;0;0;0;1;0;0;0;1;
12.91;2.91;0;0;1;0;0;0;1;0;0;0;1;
12.92;2.92;0;0;1;0;0;0;1;0;0;0;1;
12.93;2.93;0;0;1;0;0;0;1;0;0;0;1;
12.94;2.94;0;0;1;0;0;0;1;0;0;0;1;
12.95;2.95;0;0;1;0;0;0;1;0;0;0;1;
12.96;2.96;0;0;1;0;0;0;1;0;0;0;1;
12.97;2.97;0;0;1;0;0;0;1;0;0;0;1;
12.98;2.98;0;0;1;0;0;0;1;0;0;0;1;
12.99;2.99;0;0;1;0;0;0;1;0;0;0;1;
13;3;0;0;1;0;0;0;1;0;0;0;1;
13.01;3.01;0;0;1;0;0;0;1;0;0;0;1;
13.02;3.02;0;0;1;0;0;0;1;0;0;0;1;
13.03;3.03;0;0;1;0;0;0;1;0;0;0;1;
13.04;3.04;0;0;1;0;0;0;1;0;0;0;1;
13.05;3.05;0;0;1;0;0;0;1;0;0;0;1;
13.06;3.06;0;0;1;0;0;0;1;0;0;0;1;
13.07;3.07;0;0;1;0;0;0;1;0;0;0;1;
13.08;3.08;0;0;1;0;0;0;1;0;0;0;1;
13.09;3.09;0;0;1;0;0;0;1;0;0;0;1;
13.1;3.1;0;0;1;0;0;0;1;0;0;0;1;
13.11;3.11;0;0;1;0;0;0;1;0;0;0;1;
13.12;3.12;0;0;1;0;0;0;1;0;0;0;1;
13.13;3.13;0;0;1;0;0;0;1;0;0;0;1;
13.14;3.14;0;0;1;0;0;0;1;0;0;0;1;
13.15;3.15;0;0;1;0;0;0;1;0;0;0;1;
13.16;3.16;0;0;1;0;0;0;1;0;0;0;1;
13.17;3.17;0;0;1;0;0;0;1;0;0;0;1;
13.18;3.18;0;0;1;0;0;0;1;0;0;0;1;
13.19;3.19;0;0;1;0;0;0;1;0;0;0;1;
13.2;3.2;0;0;1;0;0;0;1;0;0;0;1;
13.21;3.21;0;0;1;0;0;0;1;0;0;0;1;
13.22;3.22;0;0;1;0;0;0;1;0;0;0;1;
13.23;3.23;0;0;1;0;0;0;1;0;0;0;1;
13.24;3.24;0;0;1;0;0;0;1;0;0;0;1;
13.25;3.25;0;0;1;0;0;0;1;0;0;0;1;
13.26;3.26;0;0;1;0;0;0;1;0;0;0;1;
13.27;3.27;0;0;1;0;0;0;1;0;0;0;1;
13.28;3.28;0;0;1;0;0;0;1;0;0;0;1;
13.29;3.29;0;0;1;0;0;0;1;0;0;0;1;
13.3;3.3;0;0;1;0;0;0;1;0;0;0;1;
13.31;3.31;0;0;1;0;0;0;1;0;0;0;1;
13.32;3.32;0;0;1;0;0;0;1;0;0;0;1;
13.33;3.33;0;0;1;0;0;0;1;0;0;0;1;
13.34;3.34;0;0;1;0;0;0;1;0;0;0;1;
13.35;3.35;0;0;1;0;0;0;1;0;0;0;1;
13.36;3.36;0;0;1;0;0;0;1;0;0;0;1;
13.37;3.37;0;0;1;0;0;0;1;0;0;0;1;
13.38;3.38;0;0;1;0;0;0;1;0;0;0;1;
13.39;3.39;0;0;1;0;0;0;1;0;0;0;1;
13.4;3.4;0;0;1;0;0;0;1;0;0;0;1;
13.41;3.41;0;0;1;0;0;0;1;0;0;0;1;
13.42;3.42;0;0;1;0;0;0;1;0;0;0;1;
13.43;3.43;0;0;1;0;0;0;1;0;0;0;1;
13.44;3.44;0;0;1;0;0;0;1;0;0;0;1;
13.45;3.45;0;0;1;0;0;0;1;0;0;0;1;
13.46;3.46;0;0;1;0;0;0;1;0;0;0;1;
13.47;3.47;0;0;1;0;0;0;1;0;0;0;1;
13.48;3.48;0;0;1;0;0;0;1;0;0;0;1;
13.49;3.49;0;0;1;0;0;0;1;0;0;0;1;
13.5;3.5;0;0;1;0;0;0;1;0;0;0;1;
13.51;3.51;0;0;1;0;0;0;1;0;0;0;1;
13.52;3.52;0;0;1;0;0;0;1;0;0;0;1;
13.53;3.53;0;0;1;0;0;0;1;0;0;0;1;
13.54;3.54;0;0;1;0;0;0;1;0;0;0;1;
13.55;3.55;0;0;1;0;0;0;1;0;0;0;1;
13.56;3.56;0;0;1;0;0;0;1;0;0;0;1;
13.57;3.57;0;0;1;0;0;0;1;0;0;0;1;
13.58;3.58;0;0;1;0;0;0;1;0;0;0;1;
13.59;3.59;0;0;1;0;0;0;1;0;0;0;1;
13.6;3.6;0;0;1;0;0;0;1;0;0;0;1;
13.61;3.61;0;0;1;0;0;0;1;0;0;0;1;
13.62;3.62;0;0;1;0;0;0;1;0;0;0;1;
13.63;3.63;0;0;1;0;0;0;1;0;0;0;1;
13.64;3.64;0;0;1;0;0;0;1;0;0;0;1;
13.65;3.65;0;0;1;0;0;0;1;0;0;0;1;
13.66;3.66;0;0;1;0;0;0;1;0;0;0;1;
13.67;3.67;0;0;1;0;0;0;1;0;0;0;1;
13.68;3.68;0;0;1;0;0;0;1;0;0;0;1;
13.69;3.69;0;0;1;0;0;0;1;0;0;0;1;
13.7;3.7;0;0;1;0;0;0;1;0;0;0;1;
13.71;3.71;0;0;1;0;0;0;1;0;0;0;1;
13.72;3.72;0;0;1;0;0;0;1;0;0;0;1;
13.73;3.73;0;0;1;0;0;0;1;0;0;0;1;
13.74;3.74;0;0;1;0;0;0;1;0;0;0;1;
13.75;3.75;0;0;1;0;0;0;1;0;0;0;1;
13.76;3.76;0;0;1;0;0;0;1;0;0;0;1;
13.77;3.77;0;0;1;0;0;0;1;0;0;0;1;
13.78;3.78;0;0;1;0;0;0;1;0;0;0;1;
13.79;3.79;0;0;1;0;0;0;1;0;0;0;1;
13.8;3.8;0;0;1;0;0;0;1;0;0;0;1;
13.81;3.81;0;0;1;0;0;0;1;0;0;0;1;
13.82;3.82;0;0;1;0;0;0;1;0;0;0;1;
13.83;3.83;0;0;1;0;0;0;1;0;0;0;1;
13.84;3.84;0;0;1;0;0;0;1;0;0;0;1;
13.85;3.85;0;0;1;0;0;0;1;0;0;0;1;
13.86;3.86;0;0;1;0;0;0;1;0;0;0;1;
13.87;3.87;0;0;1;0;0;0;1;0;0;0;1;
13.88;3.88;0;0;1;0;0;0;1;0;0;0;1;
13.89;3.89;0;0;1;0;0;0;1;0;0;0;1;
13.9;3.9;0;0;1;0;0;0;1;0;0;0;1;
13.91;3.91;0;0;1;0;0;0;1;0;0;0;1;
13.92;3.92;0;0;1;0;0;0;1;0;0;0;1;
13.93;3.93;0;0;1;0;0;0;1;0;0;0;1;
13.94;3.94;0;0;1;0;0;0;1;0;0;0;1;
13.95;3.95;0;0;1;0;0;0;1;0;0;0;1;
13.96;3.96;0;0;1;0;0;0;1;0;0;0;1;
13.97;3.97;0;0;1;0;0;0;1;0;0;0;1;
13.98;3.98;0;0;1;0;0;0;1;0;0;0;1;
13.99;3.99;0;0;1;0;0;0;1;0;0;0;1;
14;4;0;0;1;0;0;0;1;0;0;0;1;
14.01;4.01;0;0;1;0;0;0;1;0;0;0;1;
14.02;4.02;0;0;1;0;0;0;1;0;0;0;1;
14.03;4.03;0;0;1;0;0;0;1;0;0;0;1;
14.04;4.04;0;0;1;0;0;0;1;0;0;0;1;
14.05;4.05;0;0;1;0;0;0;1;0;0;0;1;
14.06;4.06;0;0;1;0;0;0;1;0;0;0;1;
14.07;4.07;0;0;1;0;0;0;1;0;0;0;1;
14.08;4.08;0;0;1;0;0;0;1;0;0;0;1;
14.09;4.09;0;0;1;0;0;0;1;0;0;0;1;
14.1;4.1;0;0;1;0;0;0;1;0;0;0;1;
14.11;4.11;0;0;1;0;0;0;1;0;0;0;1;
14.12;4.12;0;0;1;0;0;0;1;0;0;0;1;
14.13;4.13;0;0;1;0;0;0;1;0;0;0;1;
14.14;4.14;0;0;1;0;0;0;1;0;0;0;1;
14.15;4.15;0;0;1;0;0;0;1;0;0;0;1;
14.16;4.16;0;0;1;0;0;0;1;0;0;0;1;
14.17;4.17;0;0;1;0;0;0;1;0;0;0;1;
14.18;4.18;0;0;1;0;0;0;1;0;0;0;1;
14.19;4.19;0;0;1;0;0;0;1;0;0;0;1;
14.2;4.2;0;0;1;0;0;0;1;0;0;0;1;
14.21;4.21;0;0;1;0;0;0;1;0;0;0;1;
14.22;4.22;0;0;1;0;0;0;1;0;0;0;1;
14.23;4.23;0;0;1;0;0;0;1;0;0;0;1;
14.24;4.24;0;0;1;0;0;0;1;0;0;0;1;
14.25;4.25;0;0;1;0;0;0;1;0;0;0;1;
14.26;4.26;0;0;1;0;0;0;1;0;0;0;1;
14.27;4.27;0;0;1;0;0;0;1;0;0;0;1;
14.28;4.28;0;0;1;0;0;0;1;0;0;0;1;
14.29;4.29;0;0;1;0;0;0;1;0;0;0;1;
14.3;4.3;0;0;1;0;0;0;1;0;0;0;1;
14.31;4.31;0;0;1;0;0;0;1;0;0;0;1;
14.32;4.32;0;0;1;0;0;0;1;0;0;0;1;
14.33;4.33;0;0;1;0;0;0;1;0;0;0;1;
14.34;4.34;0;0;1;0;0;0;1;0;0;0;1;
14.35;4.35;0;0;1;0;0;0;1;0;0;0;1;
14.36;4.36;0;0;1;0;0;0;1;0;0;0;1;
14.37;4.37;0;0;1;0;0;0;1;0;0;0;1;
14.38;4.38;0;0;1;0;0;0;1;0;0;0;1;
14.39;4.39;0;0;1;0;0;0;1;0;0;0;1;
14.4;4.4;0;0;1;0;0;0;1;0;0;0;1;
14.41;4.41;0;0;1;0;0;0;1;0;0;0;1;
14.42;4.42;0;0;1;0;0;0;1;0;0;0;1;
14.43;4.43;0;0;1;0;0;0;1;0;0;0;1;
14.44;4.44;0;0;1;0;0;0;1;0;0;0;1;
14.45;4.45;0;0;1;0;0;0;1;0;0;0;1;
14.46;4.46;0;0;1;0;0;0;1;0;0;0;1;
14.47;4.47;0;0;1;0;0;0;1;0;0;0;1;
14.48;4.48;0;0;1;0;0;0;1;0;0;0;1;
14.49;4.49;0;0;1;0;0;0;1;0;0;0;1;
14.5;4.5;0;0;1;0;0;0;1;0;0;0;1;
14.51;4.51;0;0;1;0;0;0;1;0;0;0;1;
14.52;4.52;0;0;1;0;0;0;1;0;0;0;1;
14.53;4.53;0;0;1;0;0;0;1;0;0;0;1;
14.54;4.54;0;0;1;0;0;0;1;0;0;0;1;
14.55;4.55;0;0;1;0;0;0;1;0;0;0;1;
14.56;4.56;0;0;1;0;0;0;1;0;0;0;1;
14.57;4.57;0;0;1;0;0;0;1;0;0;0;1;
14.58;4.58;0;0;1;0;0;0;1;0;0;0;1;
14.59;4.59;0;0;1;0;0;0;1;0;0;0;1;
14.6;4.6;0;0;1;0;0;0;1;0;0;0;1;
14.61;4.61;0;0;1;0;0;0;1;0;0;0;1;
14.62;4.62;0;0;1;0;0;0;1;0;0;0;1;
14.63;4.63;0;0;1;0;0;0;1;0;0;0;1;
14.64;4.64;0;0;1;0;0;0;1;0;0;0;1;
14.65;4.65;0;0;1;0;0;0;1;0;0;0;1;
14.66;4.66;0;0;1;0;0;0;1;0;0;0;1;
14.67;4.67;0;0;1;0;0;0;1;0;0;0;1;
14.68;4.68;0;0;1;0;0;0;1;0;0;0;1;
14.69;4.69;0;0;1;0;0;0;1;0;0;0;1;
14.7;4.7;0;0;1;0;0;0;1;0;0;0;1;
14.71;4.71;0;0;1;0;0;0;1;0;0;0;1;
14.72;4.72;0;0;1;0;0;0;1;0;0;0;1;
14.73;4.73;0;0;1;0;0;0;1;0;0;0;1;
14.74;4.74;0;0;1;0;0;0;1;0;0;0;1;
14.75;4.75;0;0;1;0;0;0;1;0;0;0;1;
14.76;4.76;0;0;1;0;0;0;1;0;0;0;1;
14.77;4.77;0;0;1;0;0;0;1;0;0;0;1;
14.78;4.78;0;0;1;0;0;0;1;0;0;0;1;
14.79;4.79;0;0;1;0;0;0;1;0;0;0;1;
14.8;4.8;0;0;1;0;0;0;1;0;0;0;1;
14.81;4.81;0;0;1;0;0;0;1;0;0;0;1;
14.82;4.82;0;0;1;0;0;0;1;0;0;0;1;
14.83;4.83;0;0;1;0;0;0;1;0;0;0;1;
14.84;4.84;0;0;1;0;0;0;1;0;0;0;1;
14.85;4.85;0;0;1;0;0;0;1;0;0;0;1;
14.86;4.86;0;0;1;0;0;0;1;0;0;0;1;
14.87;4.87;0;0;1;0;0;0;1;0;0;0;1;
14.88;4.88;0;0;1;0;0;0;1;0;0;0;1;
14.89;4.89;0;0;1;0;0;0;1;0;0;0;1;
14.9;4.9;0;0;1;0;0;0;1;0;0;0;1;
14.91;4.91;0;0;1;0;0;0;1;0;0;0;1;
14.92;4.92;0;0;1;0;0;0;1;0;0;0;1;
14.93;4.93;0;0;1;0;0;0;1;0;0;0;1;
14.94;4.94;0;0;1;0;0;0;1;0;0;0;1;
14.95;4.95;0;0;1;0;0;0;1;0;0;0;1;
14.96;4.96;0;0;1;0;0;0;1;0;0;0;1;
14.97;4.97;0;0;1;0;0;0;1;0;0;0;1;
14.98;4.98;0;0;1;0;0;0;1;0;0;0;1;
14.99;4.99;0;0;1;0;0;0;1;0;0;0;1;
15;5;0;0;1;0;0;0;1;0;0;0;1;
15.01;5.01;0;0;1;0;0;0;1;0;0;0;1;
15.02;5.02;0;0;1;0;0;0;1;0;0;0;1;
15.03;5.03;0;0;1;0;0;0;1;0;0;0;1;
15.04;5.04;0;0;1;0;0;0;1;0;0;0;1;
15.05;5.05;0;0;1;0;0;0;1;0;0;0;1;
15.06;5.06;0;0;1;0;0;0;1;0;0;0;1;
15.07;5.07;0;0;1;0;0;0;1;0;0;0;1;
15.08;5.08;0;0;1;0;0;0;1;0;0;0;1;
15.09;5.09;0;0;1;0;0;0;1;0;0;0;1;
15.1;5.1;0;0;1;0;0;0;1;0;0;0;1;
15.11;5.11;0;0;1;0;0;0;1;0;0;0;1;
15.12;5.12;0;0;1;0;0;0;1;0;0;0;1;
15.13;5.13;0;0;1;0;0;0;1;0;0;0;1;
15.14;5.14;0;0;1;0;0;0;1;0;0;0;1;
15.15;5.15;0;0;1;0;0;0;1;0;0;0;1;
15.16;5.16;0;0;1;0;0;0;1;0;0;0;1;
15.17;5.17;0;0;1;0;0;0;1;0;0;0;1;
15.18;5.18;0;0;1;0;0;0;1;0;0;0;1;
15.19;5.19;0;0;1;0;0;0;1;0;0;0;1;
15.2;5.2;0;0;1;0;0;0;1;0;0;0;1;
15.21;5.21;0;0;1;0;0;0;1;0;0;0;1;
15.22;5.22;0;0;1;0;0;0;1;0;0;0;1;
15.23;5.23;0;0;1;0;0;0;1;0;0;0;1;
15.24;5.24;0;0;1;0;0;0;1;0;0;0;1;
15.25;5.25;0;0;1;0;0;0;1;0;0;0;1;
15.26;5.26;0;0;1;0;0;0;1;0;0;0;1;
15.27;5.27;0;0;1;0;0;0;1;0;0;0;1;
15.28;5.28;0;0;1;0;0;0;1;0;0;0;1;
15.29;5.29;0;0;1;0;0;0;1;0;0;0;1;
15.3;5.3;0;0;1;0;0;0;1;0;0;0;1;
15.31;5.31;0;0;1;0;0;0;1;0;0;0;1;
15.32;5.32;0;0;1;0;0;0;1;0;0;0;1;
15.33;5.33;0;0;1;0;0;0;1;0;0;0;1;
15.34;5.34;0;0;1;0;0;0;1;0;0;0;1;
15.35;5.35;0;0;1;0;0;0;1;0;0;0;1;
15.36;5.36;0;0;1;0;0;0;1;0;0;0;1;
15.37;5.37;0;0;1;0;0;0;1;0;0;0;1;
15.38;5.38;0;0;1;0;0;0;1;0;0;0;1;
15.39;5.39;0;0;1;0;0;0;1;0;0;0;1;
15.4;5.4;0;0;1;0;0;0;1;0;0;0;1;
15.41;5.41;0;0;1;0;0;0;1;0;0;0;1;
15.42;5.42;0;0;1;0;0;0;1;0;0;0;1;
15.43;5.43;0;0;1;0;0;0;1;0;0;0;1;
15.44;5.44;0;0;1;0;0;0;1;0;0;0;1;
15.45;5.45;0;0;1;0;0;0;1;0;0;0;1;
15.46;5.46;0;0;1;0;0;0;1;0;0;0;1;
15.47;5.47;0;0;1;0;0;0;1;0;0;0;1;
15.48;5.48;0;0;1;0;0;0;1;0;0;0;1;
15.49;5.49;0;0;1;0;0;0;1;0;0;0;1;
15.5;5.5;0;0;1;0;0;0;1;0;0;0;1;
15.51;5.51;0;0;1;0;0;0;1;0;0;0;1;
15.52;5.52;0;0;1;0;0;0;1;0;0;0;1;
15.53;5.53;0;0;1;0;0;0;1;0;0;0;1;
15.54;5.54;0;0;1;0;0;0;1;0;0;0;1;
15.55;5.55;0;0;1;0;0;0;1;0;0;0;1;
15.56;5.56;0;0;1;0;0;0;1;0;0;0;1;
15.57;5.57;0;0;1;0;0;0;1;0;0;0;1;
15.58;5.58;0;0;1;0;0;0;1;0;0;0;1;
15.59;5.59;0;0;1;0;0;0;1;0;0;0;1;
15.6;5.6;0;0;1;0;0;0;1;0;0;0;1;
15.61;5.61;0;0;1;0;0;0;1;0;0;0;1;
15.62;5.62;0;0;1;0;0;0;1;0;0;0;1;
15.63;5.63;0;0;1;0;0;0;1;0;0;0;1;
15.64;5.64;0;0;1;0;0;0;1;0;0;0;1;
15.65;5.65;0;0;1;0;0;0;1;0;0;0;1;
15.66;5.66;0;0;1;0;0;0;1;0;0;0;1;
15.67;5.67;0;0;1;0;0;0;1;0;0;0;1;
15.68;5.68;0;0;1;0;0;0;1;0;0;0;1;
15.69;5.69;0;0;1;0;0;0;1;0;0;0;1;
15.7;5.7;0;0;1;0;0;0;1;0;0;0;1;
15.71;5.71;0;0;1;0;0;0;1;0;0;0;1;
15.72;5.72;0;0;1;0;0;0;1;0;0;0;1;
15.73;5.73;0;0;1;0;0;0;1;0;0;0;1;
15.74;5.74;0;0;1;0;0;0;1;0;0;0;1;
15.75;5.75;0;0;1;0;0;0;1;0;0;0;1;
15.76;5.76;0;0;1;0;0;0;1;0;0;0;1;
15.77;5.77;0;0;1;0;0;0;1;0;0;0;1;
15.78;5.78;0;0;1;0;0;0;1;0;0;0;1;
15.79;5.79;0;0;1;0;0;0;1;0;0;0;1;
15.8;5.8;0;0;1;0;0;0;1;0;0;0;1;
15.81;5.81;0;0;1;0;0;0;1;0;0;0;1;
15.82;5.82;0;0;1;0;0;0;1;0;0;0;1;
15.83;5.83;0;0;1;0;0;0;1;0;0;0;1;
15.84;5.84;0;0;1;0;0;0;1;0;0;0;1;
15.85;5.85;0;0;1;0;0;0;1;0;0;0;1;
15.86;5.86;0;0;1;0;0;0;1;0;0;0;1;
15.87;5.87;0;0;1;0;0;0;1;0;0;0;1;
15.88;5.88;0;0;1;0;0;0;1;0;0;0;1;
15.89;5.89;0;0;1;0;0;0;1;0;0;0;1;
15.9;5.9;0;0;1;0;0;0;1;0;0;0;1;
15.91;5.91;0;0;1;0;0;0;1;0;0;0;1;
15.92;5.92;0;0;1;0;0;0;1;0;0;0;1;
15.93;5.93;0;0;1;0;0;0;1;0;0;0;1;
15.94;5.94;0;0;1;0;0;0;1;0;0;0;1;
15.95;5.95;0;0;1;0;0;0;1;0;0;0;1;
15.96;5.96;0;0;1;0;0;0;1;0;0;0;1;
15.97;5.97;0;0;1;0;0;0;1;0;0;0;1;
15.98;5.98;0;0;1;0;0;0;1;0;0;0;1;
15.99;5.99;0;0;1;0;0;0;1;0;0;0;1;
16;6;0;0;1;0;0;0;1;0;0;0;1;
16.01;6.01;0;0;1;0;0;0;1;0;0;0;1;
16.02;6.02;0;0;1;0;0;0;1;0;0;0;1;
16.03;6.03;0;0;1;0;0;0;1;0;0;0;1;
16.04;6.04;0;0;1;0;0;0;1;0;0;0;1;
16.05;6.05;0;0;1;0;0;0;1;0;0;0;1;
16.06;6.06;0;0;1;0;0;0;1;0;0;0;1;
16.07;6.07;0;0;1;0;0;0;1;0;0;0;1;
16.08;6.08;0;0;1;0;0;0;1;0;0;0;1;
16.09;6.09;0;0;1;0;0;0;1;0;0;0;1;
16.1;6.1;0;0;1;0;0;0;1;0;0;0;1;
16.11;6.11;0;0;1;0;0;0;1;0;0;0;1;
16.12;6.12;0;0;1;0;0;0;1;0;0;0;1;
16.13;6.13;0;0;1;0;0;0;1;0;0;0;1;
16.14;6.14;0;0;1;0;0;0;1;0;0;0;1;
16.15;6.15;0;0;1;0;0;0;1;0;0;0;1;
16.16;6.16;0;0;1;0;0;0;1;0;0;0;1;
16.17;6.17;0;0;1;0;0;0;1;0;0;0;1;
16.18;6.18;0;0;1;0;0;0;1;0;0;0;1;
16.19;6.19;0;0;1;0;0;0;1;0;0;0;1;
16.2;6.2;0;0;1;0;0;0;1;0;0;0;1;
16.21;6.21;0;0;1;0;0;0;1;0;0;0;1;
16.22;6.22;0;0;1;0;0;0;1;0;0;0;1;
16.23;6.23;0;0;1;0;0;0;1;0;0;0;1;
16.24;6.24;0;0;1;0;0;0;1;0;0;0;1;
16.25;6.25;0;0;1;0;0;0;1;0;0;0;1;
16.26;6.26;0;0;1;0;0;0;1;0;0;0;1;
16.27;6.27;0;0;1;0;0;0;1;0;0;0;1;
16.28;6.28;0;0;1;0;0;0;1;0;0;0;1;
16.29;6.29;0;0;1;0;0;0;1;0;0;0;1;
16.3;6.3;0;0;1;0;0;0;1;0;0;0;1;
16.31;6.31;0;0;1;0;0;0;1;0;0;0;1;
16.32;6.32;0;0;1;0;0;0;1;0;0;0;1;
16.33;6.33;0;0;1;0;0;0;1;0;0;0;1;
16.34;6.34;0;0;1;0;0;0;1;0;0;0;1;
16.35;6.35;0;0;1;0;0;0;1;0;0;0;1;
16.36;6.36;0;0;1;0;0;0;1;0;0;0;1;
16.37;6.37;0;0;1;0;0;0;1;0;0;0;1;
16.38;6.38;0;0;1;0;0;0;1;0;0;0;1;
16.39;6.39;0;0;1;0;0;0;1;0;0;0;1;
16.4;6.4;0;0;1;0;0;0;1;0;0;0;1;
16.41;6.41;0;0;1;0;0;0;1;0;0;0;1;
16.42;6.42;0;0;1;0;0;0;1;0;0;0;1;
16.43;6.43;0;0;1;0;0;0;1;0;0;0;1;
16.44;6.44;0;0;1;0;0;0;1;0;0;0;1;
16.45;6.45;0;0;1;0;0;0;1;0;0;0;1;
16.46;6.46;0;0;1;0;0;0;1;0;0;0;1;
16.47;6.47;0;0;1;0;0;0;1;0;0;0;1;
16.48;6.48;0;0;1;0;0;0;1;0;0;0;1;
16.49;6.49;0;0;1;0;0;0;1;0;0;0;1;
16.5;6.5;0;0;1;0;0;0;1;0;0;0;1;
16.51;6.51;0;0;1;0;0;0;1;0;0;0;1;
16.52;6.52;0;0;1;0;0;0;1;0;0;0;1;
16.53;6.53;0;0;1;0;0;0;1;0;0;0;1;
16.54;6.54;0;0;1;0;0;0;1;0;0;0;1;
16.55;6.55;0;0;1;0;0;0;1;0;0;0;1;
16.56;6.56;0;0;1;0;0;0;1;0;0;0;1;
16.57;6.57;0;0;1;0;0;0;1;0;0;0;1;
16.58;6.58;0;0;1;0;0;0;1;0;0;0;1;
16.59;6.59;0;0;1;0;0;0;1;0;0;0;1;
16.6;6.6;0;0;1;0;0;0;1;0;0;0;1;
16.61;6.61;0;0;1;0;0;0;1;0;0;0;1;
16.62;6.62;0;0;1;0;0;0;1;0;0;0;1;
16.63;6.63;0;0;1;0;0;0;1;0;0;0;1;
16.64;6.64;0;0;1;0;0;0;1;0;0;0;1;
16.65;6.65;0;0;1;0;0;0;1;0;0;0;1;
16.66;6.66;0;0;1;0;0;0;1;0;0;0;1;
16.67;6.67;0;0;1;0;0;0;1;0;0;0;1;
16.68;6.68;0;0;1;0;0;0;1;0;0;0;1;
16.69;6.69;0;0;1;0;0;0;1;0;0;0;1;
16.7;6.7;0;0;1;0;0;0;1;0;0;0;1;
16.71;6.71;0;0;1;0;0;0;1;0;0;0;1;
16.72;6.72;0;0;1;0;0;0;1;0;0;0;1;
16.73;6.73;0;0;1;0;0;0;1;0;0;0;1;
16.74;6.74;0;0;1;0;0;0;1;0;0;0;1;
16.75;6.75;0;0;1;0;0;0;1;0;0;0;1;
16.76;6.76;0;0;1;0;0;0;1;0;0;0;1;
16.77;6.77;0;0;1;0;0;0;1;0;0;0;1;
16.78;6.78;0;0;1;0;0;0;1;0;0;0;1;
16.79;6.79;0;0;1;0;0;0;1;0;0;0;1;
16.8;6.8;0;0;1;0;0;0;1;0;0;0;1;
16.81;6.81;0;0;1;0;0;0;1;0;0;0;1;
16.82;6.82;0;0;1;0;0;0;1;0;0;0;1;
16.83;6.83;0;0;1;0;0;0;1;0;0;0;1;
16.84;6.84;0;0;1;0;0;0;1;0;0;0;1;
16.85;6.85;0;0;1;0;0;0;1;0;0;0;1;
16.86;6.86;0;0;1;0;0;0;1;0;0;0;1;
16.87;6.87;0;0;1;0;0;0;1;0;0;0;1;
16.88;6.88;0;0;1;0;0;0;1;0;0;0;1;
16.89;6.89;0;0;1;0;0;0;1;0;0;0;1;
16.9;6.9;0;0;1;0;0;0;1;0;0;0;1;
16.91;6.91;0;0;1;0;0;0;1;0;0;0;1;
16.92;6.92;0;0;1;0;0;0;1;0;0;0;1;
16.93;6.93;0;0;1;0;0;0;1;0;0;0;1;
16.94;6.94;0;0;1;0;0;0;1;0;0;0;1;
16.95;6.95;0;0;1;0;0;0;1;0;0;0;1;
16.96;6.96;0;0;1;0;0;0;1;0;0;0;1;
16.97;6.97;0;0;1;0;0;0;1;0;0;0;1;
16.98;6.98;0;0;1;0;0;0;1;0;0;0;1;
16.99;6.99;0;0;1;0;0;0;1;0;0;0;1;
17;7;0;0;1;0;0;0;1;0;0;0;1;
17.01;7.01;0;0;1;0;0;0;1;0;0;0;1;
17.02;7.02;0;0;1;0;0;0;1;0;0;0;1;
17.03;7.03;0;0;1;0;0;0;1;0;0;0;1;
17.04;7.04;0;0;1;0;0;0;1;0;0;0;1;
17.05;7.05;0;0;1;0;0;0;1;0;0;0;1;
17.06;7.06;0;0;1;0;0;0;1;0;0;0;1;
17.07;7.07;0;0;1;0;0;0;1;0;0;0;1;
17.08;7.08;0;0;1;0;0;0;1;0;0;0;1;
17.09;7.09;0;0;1;0;0;0;1;0;0;0;1;
17.1;7.1;0;0;1;0;0;0;1;0;0;0;1;
17.11;7.11;0;0;1;0;0;0;1;0;0;0;1;
17.12;7.12;0;0;1;0;0;0;1;0;0;0;1;
17.13;7.13;0;0;1;0;0;0;1;0;0;0;1;
17.14;7.14;0;0;1;0;0;0;1;0;0;0;1;
17.15;7.15;0;0;1;0;0;0;1;0;0;0;1;
17.16;7.16;0;0;1;0;0;0;1;0;0;0;1;
17.17;7.17;0;0;1;0;0;0;1;0;0;0;1;
17.18;7.18;0;0;1;0;0;0;1;0;0;0;1;
17.19;7.19;0;0;1;0;0;0;1;0;0;0;1;
17.2;7.2;0;0;1;0;0;0;1;0;0;0;1;
17.21;7.21;0;0;1;0;0;0;1;0;0;0;1;
17.22;7.22;0;0;1;0;0;0;1;0;0;0;1;
17.23;7.23;0;0;1;0;0;0;1;0;0;0;1;
17.24;7.24;0;0;1;0;0;0;1;0;0;0;1;
17.25;7.25;0;0;1;0;0;0;1;0;0;0;1;
17.26;7.26;0;0;1;0;0;0;1;0;0;0;1;
17.27;7.27;0;0;1;0;0;0;1;0;0;0;1;
17.28;7.28;0;0;1;0;0;0;1;0;0;0;1;
17.29;7.29;0;0;1;0;0;0;1;0;0;0;1;
17.3;7.3;0;0;1;0;0;0;1;0;0;0;1;
17.31;7.31;0;0;1;0;0;0;1;0;0;0;1;
17.32;7.32;0;0;1;0;0;0;1;0;0;0;1;
17.33;7.33;0;0;1;0;0;0;1;0;0;0;1;
17.34;7.34;0;0;1;0;0;0;1;0;0;0;1;
17.35;7.35;0;0;1;0;0;0;1;0;0;0;1;
17.36;7.36;0;0;1;0;0;0;1;0;0;0;1;
17.37;7.37;0;0;1;0;0;0;1;0;0;0;1;
17.38;7.38;0;0;1;0;0;0;1;0;0;0;1;
17.39;7.39;0;0;1;0;0;0;1;0;0;0;1;
17.4;7.4;0;0;1;0;0;0;1;0;0;0;1;
17.41;7.41;0;0;1;0;0;0;1;0;0;0;1;
17.42;7.42;0;0;1;0;0;0;1;0;0;0;1;
17.43;7.43;0;0;1;0;0;0;1;0;0;0;1;
17.44;7.44;0;0;1;0;0;0;1;0;0;0;1;
17.45;7.45;0;0;1;0;0;0;1;0;0;0;1;
17.46;7.46;0;0;1;0;0;0;1;0;0;0;1;
17.47;7.47;0;0;1;0;0;0;1;0;0;0;1;
17.48;7.48;0;0;1;0;0;0;1;0;0;0;1;
17.49;7.49;0;0;1;0;0;0;1;0;0;0;1;
17.5;7.5;0;0;1;0;0;0;1;0;0;0;1;
17.51;7.51;0;0;1;0;0;0;1;0;0;0;1;
17.52;7.52;0;0;1;0;0;0;1;0;0;0;1;
17.53;7.53;0;0;1;0;0;0;1;0;0;0;1;
17.54;7.54;0;0;1;0;0;0;1;0;0;0;1;
17.55;7.55;0;0;1;0;0;0;1;0;0;0;1;
17.56;7.56;0;0;1;0;0;0;1;0;0;0;1;
17.57;7.57;0;0;1;0;0;0;1;0;0;0;1;
17.58;7.58;0;0;1;0;0;0;1;0;0;0;1;
17.59;7.59;0;0;1;0;0;0;1;0;0;0;1;
17.6;7.6;0;0;1;0;0;0;1;0;0;0;1;
17.61;7.61;0;0;1;0;0;0;1;0;0;0;1;
17.62;7.62;0;0;1;0;0;0;1;0;0;0;1;
17.63;7.63;0;0;1;0;0;0;1;0;0;0;1;
17.64;7.64;0;0;1;0;0;0;1;0;0;0;1;
17.65;7.65;0;0;1;0;0;0;1;0;0;0;1;
17.66;7.66;0;0;1;0;0;0;1;0;0;0;1;
17.67;7.67;0;0;1;0;0;0;1;0;0;0;1;
17.68;7.68;0;0;1;0;0;0;1;0;0;0;1;
17.69;7.69;0;0;1;0;0;0;1;0;0;0;1;
17.7;7.7;0;0;1;0;0;0;1;0;0;0;1;
17.71;7.71;0;0;1;0;0;0;1;0;0;0;1;
17.72;7.72;0;0;1;0;0;0;1;0;0;0;1;
17.73;7.73;0;0;1;0;0;0;1;0;0;0;1;
17.74;7.74;0;0;1;0;0;0;1;0;0;0;1;
17.75;7.75;0;0;1;0;0;0;1;0;0;0;1;
17.76;7.76;0;0;1;0;0;0;1;0;0;0;1;
17.77;7.77;0;0;1;0;0;0;1;0;0;0;1;
17.78;7.78;0;0;1;0;0;0;1;0;0;0;1;
17.79;7.79;0;0;1;0;0;0;1;0;0;0;1;
17.8;7.8;0;0;1;0;0;0;1;0;0;0;1;
17.81;7.81;0;0;1;0;0;0;1;0;0;0;1;
17.82;7.82;0;0;1;0;0;0;1;0;0;0;1;
17.83;7.83;0;0;1;0;0;0;1;0;0;0;1;
17.84;7.84;0;0;1;0;0;0;1;0;0;0;1;
17.85;7.85;0;0;1;0;0;0;1;0;0;0;1;
17.86;7.86;0;0;1;0;0;0;1;0;0;0;1;
17.87;7.87;0;0;1;0;0;0;1;0;0;0;1;
17.88;7.88;0;0;1;0;0;0;1;0;0;0;1;
17.89;7.89;0;0;1;0;0;0;1;0;0;0;1;
17.9;7.9;0;0;1;0;0;0;1;0;0;0;1;
17.91;7.91;0;0;1;0;0;0;1;0;0;0;1;
17.92;7.92;0;0;1;0;0;0;1;0;0;0;1;
17.93;7.93;0;0;1;0;0;0;1;0;0;0;1;
17.94;7.94;0;0;1;0;0;0;1;0;0;0;1;
17.95;7.95;0;0;1;0;0;0;1;0;0;0;1;
17.96;7.96;0;0;1;0;0;0;1;0;0;0;1;
17.97;7.97;0;0;1;0;0;0;1;0;0;0;1;
17.98;7.98;0;0;1;0;0;0;1;0;0;0;1;
17.99;7.99;0;0;1;0;0;0;1;0;0;0;1;
18;8;0;0;1;0;0;0;1;0;0;0;1;
18.01;8.01;0;0;1;0;0;0;1;0;0;0;1;
18.02;8.02;0;0;1;0;0;0;1;0;0;0;1;
18.03;8.03;0;0;1;0;0;0;1;0;0;0;1;
18.04;8.04;0;0;1;0;0;0;1;0;0;0;1;
18.05;8.05;0;0;1;0;0;0;1;0;0;0;1;
18.06;8.06;0;0;1;0;0;0;1;0;0;0;1;
18.07;8.07;0;0;1;0;0;0;1;0;0;0;1;
18.08;8.08;0;0;1;0;0;0;1;0;0;0;1;
18.09;8.09;0;0;1;0;0;0;1;0;0;0;1;
18.1;8.1;0;0;1;0;0;0;1;0;0;0;1;
18.11;8.11;0;0;1;0;0;0;1;0;0;0;1;
18.12;8.12;0;0;1;0;0;0;1;0;0;0;1;
18.13;8.13;0;0;1;0;0;0;1;0;0;0;1;
18.14;8.14;0;0;1;0;0;0;1;0;0;0;1;
18.15;8.15;0;0;1;0;0;0;1;0;0;0;1;
18.16;8.16;0;0;1;0;0;0;1;0;0;0;1;
18.17;8.17;0;0;1;0;0;0;1;0;0;0;1;
18.18;8.18;0;0;1;0;0;0;1;0;0;0;1;
18.19;8.19;0;0;1;0;0;0;1;0;0;0;1;
18.2;8.2;0;0;1;0;0;0;1;0;0;0;1;
18.21;8.21;0;0;1;0;0;0;1;0;0;0;1;
18.22;8.22;0;0;1;0;0;0;1;0;0;0;1;
18.23;8.23;0;0;1;0;0;0;1;0;0;0;1;
18.24;8.24;0;0;1;0;0;0;1;0;0;0;1;
18.25;8.25;0;0;1;0;0;0;1;0;0;0;1;
18.26;8.26;0;0;1;0;0;0;1;0;0;0;1;
18.27;8.27;0;0;1;0;0;0;1;0;0;0;1;
18.28;8.28;0;0;1;0;0;0;1;0;0;0;1;
18.29;8.29;0;0;1;0;0;0;1;0;0;0;1;
18.3;8.3;0;0;1;0;0;0;1;0;0;0;1;
18.31;8.31;0;0;1;0;0;0;1;0;0;0;1;
18.32;8.32;0;0;1;0;0;0;1;0;0;0;1;
18.33;8.33;0;0;1;0;0;0;1;0;0;0;1;
18.34;8.34;0;0;1;0;0;0;1;0;0;0;1;
18.35;8.35;0;0;1;0;0;0;1;0;0;0;1;
18.36;8.36;0;0;1;0;0;0;1;0;0;0;1;
18.37;8.37;0;0;1;0;0;0;1;0;0;0;1;
18.38;8.38;0;0;1;0;0;0;1;0;0;0;1;
18.39;8.39;0;0;1;0;0;0;1;0;0;0;1;
18.4;8.4;0;0;1;0;0;0;1;0;0;0;1;
18.41;8.41;0;0;1;0;0;0;1;0;0;0;1;
18.42;8.42;0;0;1;0;0;0;1;0;0;0;1;
18.43;8.43;0;0;1;0;0;0;1;0;0;0;1;
18.44;8.44;0;0;1;0;0;0;1;0;0;0;1;
18.45;8.45;0;0;1;0;0;0;1;0;0;0;1;
18.46;8.46;0;0;1;0;0;0;1;0;0;0;1;
18.47;8.47;0;0;1;0;0;0;1;0;0;0;1;
18.48;8.48;0;0;1;0;0;0;1;0;0;0;1;
18.49;8.49;0;0;1;0;0;0;1;0;0;0;1;
18.5;8.5;0;0;1;0;0;0;1;0;0;0;1;
18.51;8.51;0;0;1;0;0;0;1;0;0;0;1;
18.52;8.52;0;0;1;0;0;0;1;0;0;0;1;
18.53;8.53;0;0;1;0;0;0;1;0;0;0;1;
18.54;8.54;0;0;1;0;0;0;1;0;0;0;1;
18.55;8.55;0;0;1;0;0;0;1;0;0;0;1;
18.56;8.56;0;0;1;0;0;0;1;0;0;0;1;
18.57;8.57;0;0;1;0;0;0;1;0;0;0;1;
18.58;8.58;0;0;1;0;0;0;1;0;0;0;1;
18.59;8.59;0;0;1;0;0;0;1;0;0;0;1;
18.6;8.6;0;0;1;0;0;0;1;0;0;0;1;
18.61;8.61;0;0;1;0;0;0;1;0;0;0;1;
18.62;8.62;0;0;1;0;0;0;1;0;0;0;1;
18.63;8.63;0;0;1;0;0;0;1;0;0;0;1;
18.64;8.64;0;0;1;0;0;0;1;0;0;0;1;
18.65;8.65;0;0;1;0;0;0;1;0;0;0;1;
18.66;8.66;0;0;1;0;0;0;1;0;0;0;1;
18.67;8.67;0;0;1;0;0;0;1;0;0;0;1;
18.68;8.68;0;0;1;0;0;0;1;0;0;0;1;
18.69;8.69;0;0;1;0;0;0;1;0;0;0;1;
18.7;8.7;0;0;1;0;0;0;1;0;0;0;1;
18.71;8.71;0;0;1;0;0;0;1;0;0;0;1;
18.72;8.72;0;0;1;0;0;0;1;0;0;0;1;
18.73;8.73;0;0;1;0;0;0;1;0;0;0;1;
18.74;8.74;0;0;1;0;0;0;1;0;0;0;1;
18.75;8.75;0;0;1;0;0;0;1;0;0;0;1;
18.76;8.76;0;0;1;0;0;0;1;0;0;0;1;
18.77;8.77;0;0;1;0;0;0;1;0;0;0;1;
18.78;8.78;0;0;1;0;0;0;1;0;0;0;1;
18.79;8.79;0;0;1;0;0;0;1;0;0;0;1;
18.8;8.8;0;0;1;0;0;0;1;0;0;0;1;
18.81;8.81;0;0;1;0;0;0;1;0;0;0;1;
18.82;8.82;0;0;1;0;0;0;1;0;0;0;1;
18.83;8.83;0;0;1;0;0;0;1;0;0;0;1;
18.84;8.84;0;0;1;0;0;0;1;0;0;0;1;
18.85;8.85;0;0;1;0;0;0;1;0;0;0;1;
18.86;8.86;0;0;1;0;0;0;1;0;0;0;1;
18.87;8.87;0;0;1;0;0;0;1;0;0;0;1;
18.88;8.88;0;0;1;0;0;0;1;0;0;0;1;
18.89;8.89;0;0;1;0;0;0;1;0;0;0;1;
18.9;8.9;0;0;1;0;0;0;1;0;0;0;1;
18.91;8.91;0;0;1;0;0;0;1;0;0;0;1;
18.92;8.92;0;0;1;0;0;0;1;0;0;0;1;
18.93;8.93;0;0;1;0;0;0;1;0;0;0;1;
18.94;8.94;0;0;1;0;0;0;1;0;0;0;1;
18.95;8.95;0;0;1;0;0;0;1;0;0;0;1;
18.96;8.96;0;0;1;0;0;0;1;0;0;0;1;
18.97;8.97;0;0;1;0;0;0;1;0;0;0;1;
18.98;8.98;0;0;1;0;0;0;1;0;0;0;1;
18.99;8.99;0;0;1;0;0;0;1;0;0;0;1;
19;9;0;0;1;0;0;0;1;0;0;0;1;
19.01;9.01;0;0;1;0;0;0;1;0;0;0;1;
19.02;9.02;0;0;1;0;0;0;1;0;0;0;1;
19.03;9.03;0;0;1;0;0;0;1;0;0;0;1;
19.04;9.04;0;0;1;0;0;0;1;0;0;0;1;
19.05;9.05;0;0;1;0;0;0;1;0;0;0;1;
19.06;9.06;0;0;1;0;0;0;1;0;0;0;1;
19.07;9.07;0;0;1;0;0;0;1;0;0;0;1;
19.08;9.08;0;0;1;0;0;0;1;0;0;0;1;
19.09;9.09;0;0;1;0;0;0;1;0;0;0;1;
19.1;9.1;0;0;1;0;0;0;1;0;0;0;1;
19.11;9.11;0;0;1;0;0;0;1;0;0;0;1;
19.12;9.12;0;0;1;0;0;0;1;0;0;0;1;
19.13;9.13;0;0;1;0;0;0;1;0;0;0;1;
19.14;9.14;0;0;1;0;0;0;1;0;0;0;1;
19.15;9.15;0;0;1;0;0;0;1;0;0;0;1;
19.16;9.16;0;0;1;0;0;0;1;0;0;0;1;
19.17;9.17;0;0;1;0;0;0;1;0;0;0;1;
19.18;9.18;0;0;1;0;0;0;1;0;0;0;1;
19.19;9.19;0;0;1;0;0;0;1;0;0;0;1;
19.2;9.2;0;0;1;0;0;0;1;0;0;0;1;
19.21;9.21;0;0;1;0;0;0;1;0;0;0;1;
19.22;9.22;0;0;1;0;0;0;1;0;0;0;1;
19.23;9.23;0;0;1;0;0;0;1;0;0;0;1;
19.24;9.24;0;0;1;0;0;0;1;0;0;0;1;
19.25;9.25;0;0;1;0;0;0;1;0;0;0;1;
19.26;9.26;0;0;1;0;0;0;1;0;0;0;1;
19.27;9.27;0;0;1;0;0;0;1;0;0;0;1;
19.28;9.28;0;0;1;0;0;0;1;0;0;0;1;
19.29;9.29;0;0;1;0;0;0;1;0;0;0;1;
19.3;9.3;0;0;1;0;0;0;1;0;0;0;1;
19.31;9.31;0;0;1;0;0;0;1;0;0;0;1;
19.32;9.32;0;0;1;0;0;0;1;0;0;0;1;
19.33;9.33;0;0;1;0;0;0;1;0;0;0;1;
19.34;9.34;0;0;1;0;0;0;1;0;0;0;1;
19.35;9.35;0;0;1;0;0;0;1;0;0;0;1;
19.36;9.36;0;0;1;0;0;0;1;0;0;0;1;
19.37;9.37;0;0;1;0;0;0;1;0;0;0;1;
19.38;9.38;0;0;1;0;0;0;1;0;0;0;1;
19.39;9.39;0;0;1;0;0;0;1;0;0;0;1;
19.4;9.4;0;0;1;0;0;0;1;0;0;0;1;
19.41;9.41;0;0;1;0;0;0;1;0;0;0;1;
19.42;9.42;0;0;1;0;0;0;1;0;0;0;1;
19.43;9.43;0;0;1;0;0;0;1;0;0;0;1;
19.44;9.44;0;0;1;0;0;0;1;0;0;0;1;
19.45;9.45;0;0;1;0;0;0;1;0;0;0;1;
19.46;9.46;0;0;1;0;0;0;1;0;0;0;1;
19.47;9.47;0;0;1;0;0;0;1;0;0;0;1;
19.48;9.48;0;0;1;0;0;0;1;0;0;0;1;
19.49;9.49;0;0;1;0;0;0;1;0;0;0;1;
19.5;9.5;0;0;1;0;0;0;1;0;0;0;1;
19.51;9.51;0;0;1;0;0;0;1;0;0;0;1;
19.52;9.52;0;0;1;0;0;0;1;0;0;0;1;
19.53;9.53;0;0;1;0;0;0;1;0;0;0;1;
19.54;9.54;0;0;1;0;0;0;1;0;0;0;1;
19.55;9.55;0;0;1;0;0;0;1;0;0;0;1;
19.56;9.56;0;0;1;0;0;0;1;0;0;0;1;
19.57;9.57;0;0;1;0;0;0;1;0;0;0;1;
19.58;9.58;0;0;1;0;0;0;1;0;0;0;1;
19.59;9.59;0;0;1;0;0;0;1;0;0;0;1;
19.6;9.6;0;0;1;0;0;0;1;0;0;0;1;
19.61;9.61;0;0;1;0;0;0;1;0;0;0;1;
19.62;9.62;0;0;1;0;0;0;1;0;0;0;1;
19.63;9.63;0;0;1;0;0;0;1;0;0;0;1;
19.64;9.64;0;0;1;0;0;0;1;0;0;0;1;
19.65;9.65;0;0;1;0;0;0;1;0;0;0;1;
19.66;9.66;0;0;1;0;0;0;1;0;0;0;1;
19.67;9.67;0;0;1;0;0;0;1;0;0;0;1;
19.68;9.68;0;0;1;0;0;0;1;0;0;0;1;
19.69;9.69;0;0;1;0;0;0;1;0;0;0;1;
19.7;9.7;0;0;1;0;0;0;1;0;0;0;1;
19.71;9.71;0;0;1;0;0;0;1;0;0;0;1;
19.72;9.72;0;0;1;0;0;0;1;0;0;0;1;
19.73;9.73;0;0;1;0;0;0;1;0;0;0;1;
19.74;9.74;0;0;1;0;0;0;1;0;0;0;1;
19.75;9.75;0;0;1;0;0;0;1;0;0;0;1;
19.76;9.76;0;0;1;0;0;0;1;0;0;0;1;
19.77;9.77;0;0;1;0;0;0;1;0;0;0;1;
19.78;9.78;0;0;1;0;0;0;1;0;0;0;1;
19.79;9.79;0;0;1;0;0;0;1;0;0;0;1;
19.8;9.8;0;0;1;0;0;0;1;0;0;0;1;
19.81;9.81;0;0;1;0;0;0;1;0;0;0;1;
19.82;9.82;0;0;1;0;0;0;1;0;0;0;1;
19.83;9.83;0;0;1;0;0;0;1;0;0;0;1;
19.84;9.84;0;0;1;0;0;0;1;0;0;0;1;
19.85;9.85;0;0;1;0;0;0;1;0;0;0;1;
19.86;9.86;0;0;1;0;0;0;1;0;0;0;1;
19.87;9.87;0;0;1;0;0;0;1;0;0;0;1;
19.88;9.88;0;0;1;0;0;0;1;0;0;0;1;
19.89;9.89;0;0;1;0;0;0;1;0;0;0;1;
19.9;9.9;0;0;1;0;0;0;1;0;0;0;1;
19.91;9.91;0;0;1;0;0;0;1;0;0;0;1;
19.92;9.92;0;0;1;0;0;0;1;0;0;0;1;
19.93;9.93;0;0;1;0;0;0;1;0;0;0;1;
19.94;9.94;0;0;1;0;0;0;1;0;0;0;1;
19.95;9.95;0;0;1;0;0;0;1;0;0;0;1;
19.96;9.96;0;0;1;0;0;0;1;0;0;0;1;
19.97;9.97;0;0;1;0;0;0;1;0;0;0;1;
19.98;9.98;0;0;1;0;0;0;1;0;0;0;1;
19.99;9.99;0;0;1;0;0;0;1;0;0;0;1;
